Z,A,E0,ThetaDeg,nu,cross,error,dataSet
6,12,2.3466,30.0,0.2495,1.516,1.031,12
6,12,3.4886,20.0,0.2688,3.601,1.128,12
6,12,4.6286,16.0,0.3622,7.669,1.21,12
6,12,4.6286,20.0,0.712,4.163,1.057,12
6,12,2.3466,30.0,0.2655,2.307,1.036,12
6,12,3.4886,20.0,0.2862,5.162,1.114,12
6,12,4.6286,16.0,0.3801,9.606,1.275,12
6,12,4.6286,20.0,0.7285,4.879,1.062,12
6,12,4.6286,25.0,1.1677,1.485,1.023,12
6,12,2.3466,30.0,0.2814,3.296,1.041,12
6,12,3.4886,20.0,0.3036,8.077,1.139,12
6,12,4.6286,16.0,0.398,13.56,1.345,12
6,12,4.6286,20.0,0.7449,5.581,1.068,12
6,12,4.6286,25.0,1.1823,1.788,1.023,12
6,12,2.3466,30.0,0.2974,4.971,1.055,12
6,12,3.4886,20.0,0.3211,11.72,1.214,12
6,12,4.6286,16.0,0.4159,18.42,1.494,12
6,12,4.6286,20.0,0.7613,7.135,1.086,12
6,12,2.3466,45.0,0.7675,1.141,1.04,12
6,12,4.6286,25.0,1.1969,2.014,1.023,12
6,12,2.3466,30.0,0.3134,6.524,1.076,12
6,12,3.4886,20.0,0.3385,15.92,1.286,12
6,12,4.6286,16.0,0.4337,23.48,1.724,12
6,12,4.6286,20.0,0.7777,8.59,1.103,12
6,12,2.3466,45.0,0.7798,1.428,1.041,12
6,12,4.6286,25.0,1.2115,2.362,1.024,12
6,12,2.3466,30.0,0.3293,9.864,1.114,12
6,12,3.4886,20.0,0.3559,22.72,1.433,12
6,12,4.6286,16.0,0.4516,30.73,1.917,12
6,12,2.3466,45.0,0.7921,1.872,1.042,12
6,12,4.6286,20.0,0.7942,10.31,1.125,12
6,12,4.6286,25.0,1.2261,2.827,1.024,12
6,12,3.4886,14.0,0.0541,12.61,2.925,12
6,12,2.3466,30.0,0.3453,12.96,1.166,12
6,12,3.4886,20.0,0.3733,30.72,1.635,12
6,12,4.6286,16.0,0.4695,40.82,2.228,12
6,12,2.3466,45.0,0.8044,2.422,1.044,12
6,12,4.6286,20.0,0.8106,12.47,1.151,12
6,12,4.6286,25.0,1.2406,3.242,1.025,12
6,12,3.4886,14.0,0.0733,24.03,4.095,12
6,12,2.3466,30.0,0.3613,18.24,1.267,12
6,12,3.4886,20.0,0.3907,39.74,1.825,12
6,12,4.6286,16.0,0.4874,53.33,2.6,12
6,12,2.3466,45.0,0.8167,2.661,1.044,12
6,12,4.6286,20.0,0.827,15.66,1.194,12
6,12,4.6286,25.0,1.2552,3.825,1.026,12
6,12,3.4886,14.0,0.0925,50.71,7.057,12
6,12,2.3466,30.0,0.3772,24.54,1.41,12
6,12,3.4886,20.0,0.4081,54.84,2.186,12
6,12,4.6286,16.0,0.5053,67.31,3.005,12
6,12,2.3466,45.0,0.829,3.296,1.046,12
6,12,4.6286,20.0,0.8435,18.9,1.235,12
6,12,2.3466,60.0,1.1783,0.776,1.043,12
6,12,4.6286,25.0,1.2698,4.409,1.027,12
6,12,3.4886,14.0,0.1117,104.1,13.01,12
6,12,4.6286,10.65,0.1217,225.4,22.52,12
6,12,2.3466,30.0,0.3932,32.21,1.606,12
6,12,3.4886,20.0,0.4255,72.76,2.603,12
6,12,4.6286,16.0,0.5232,86.33,3.525,12
6,12,2.3466,45.0,0.8413,3.978,1.049,12
6,12,4.6286,20.0,0.8599,21.23,1.26,12
6,12,2.3466,60.0,1.1878,0.9262,1.042,12
6,12,4.6286,25.0,1.2844,4.809,1.027,12
6,12,3.4886,14.0,0.1308,197.9,26.06,12
6,12,4.6286,10.65,0.1413,409.0,29.19,12
6,12,2.3466,30.0,0.4092,43.18,1.914,12
6,12,3.4886,20.0,0.4429,96.59,3.146,12
6,12,4.6286,16.0,0.5411,113.5,4.226,12
6,12,2.3466,45.0,0.8536,4.891,1.054,12
6,12,4.6286,20.0,0.8763,26.52,1.329,12
6,12,2.3466,60.0,1.1973,1.084,1.041,12
6,12,4.6286,25.0,1.2989,5.484,1.028,12
6,12,3.4886,14.0,0.15,408.4,20.53,12
6,12,4.6286,10.65,0.161,610.3,48.15,12
6,12,1.2044,45.0,0.1702,41.14,1.59,12
6,12,2.3466,30.0,0.4251,57.33,2.338,12
6,12,3.4886,20.0,0.4603,130.2,3.873,12
6,12,4.6286,16.0,0.559,138.0,4.732,12
6,12,2.3466,45.0,0.8659,5.88,1.059,12
6,12,4.6286,20.0,0.8927,30.23,1.364,12
6,12,2.3466,60.0,1.2067,1.27,1.04,12
6,12,4.6286,25.0,1.3135,6.194,1.03,12
6,12,3.4886,14.0,0.1692,712.2,35.73,12
6,12,4.6286,10.65,0.1806,1301.0,69.2,12
6,12,1.2044,45.0,0.1857,65.75,2.016,12
6,12,2.3466,30.0,0.4411,75.57,2.896,12
6,12,3.4886,20.0,0.4778,169.3,4.665,12
6,12,4.6286,16.0,0.5769,176.3,5.449,12
6,12,2.3466,45.0,0.8782,7.07,1.067,12
6,12,4.6286,20.0,0.9092,36.43,1.432,12
6,12,2.3466,60.0,1.2162,1.383,1.039,12
6,12,4.6286,25.0,1.3281,7.093,1.032,12
6,12,3.4886,14.0,0.1884,1219.0,31.67,12
6,12,4.6286,10.65,0.2003,2178.0,113.6,12
6,12,1.2044,45.0,0.2011,105.5,2.489,12
6,12,2.3466,30.0,0.4571,97.96,3.595,12
6,12,3.4886,20.0,0.4952,210.3,5.388,12
6,12,4.6286,16.0,0.5948,215.9,6.014,12
6,12,2.3466,45.0,0.8905,8.131,1.075,12
6,12,4.6286,20.0,0.9256,40.67,1.457,12
6,12,2.3466,60.0,1.2257,1.608,1.038,12
6,12,4.6286,25.0,1.3427,7.812,1.033,12
6,12,3.4886,14.0,0.2076,1830.0,72.75,12
6,12,1.2044,45.0,0.2166,159.6,3.176,12
6,12,4.6286,10.65,0.2199,3182.0,138.5,12
6,12,2.3466,30.0,0.473,129.1,4.574,12
6,12,4.6286,16.0,0.6127,257.3,6.403,12
6,12,2.3466,45.0,0.9028,9.368,1.085,12
6,12,4.6286,20.0,0.942,45.19,1.484,12
6,12,2.3466,60.0,1.2351,1.864,1.037,12
6,12,4.6286,25.0,1.3573,8.776,1.034,12
6,12,3.4886,14.0,0.2268,2589.0,82.38,12
6,12,1.2044,45.0,0.2321,232.9,4.015,12
6,12,4.6286,10.65,0.2395,4425.0,175.4,12
6,12,1.2044,55.0,0.3398,91.2,1.906,12
6,12,1.2044,70.0,0.4791,28.66,1.147,12
6,12,4.6286,16.0,0.6306,303.5,6.674,12
6,12,2.3466,45.0,0.9151,10.63,1.097,12
6,12,4.6286,20.0,0.9585,52.75,1.544,12
6,12,3.4886,28.0,0.9649,25.3,1.185,12
6,12,2.3466,60.0,1.2446,2.001,1.036,12
6,12,4.6286,25.0,1.3718,9.207,1.034,12
6,12,3.4886,14.0,0.246,3613.0,97.1,12
6,12,1.2044,45.0,0.2476,336.7,5.055,12
6,12,4.6286,10.65,0.2592,6165.0,221.4,12
6,12,1.2044,55.0,0.3536,120.7,2.129,12
6,12,1.2044,70.0,0.4907,34.54,1.162,12
6,12,2.3466,30.0,0.505,181.9,6.682,12
6,12,3.4886,20.0,0.5474,347.6,8.471,12
6,12,4.6286,16.0,0.6485,347.0,6.689,12
6,12,2.3466,45.0,0.9275,12.21,1.114,12
6,12,4.6286,20.0,0.9749,58.27,1.567,12
6,12,3.4886,28.0,0.9798,27.68,1.183,12
6,12,2.3466,60.0,1.2541,2.19,1.035,12
6,12,4.6286,25.0,1.3864,10.13,1.036,12
6,12,1.2044,45.0,0.2631,443.3,5.798,12
6,12,3.4886,14.0,0.2652,4721.0,105.7,12
6,12,4.6286,10.65,0.2788,7713.0,250.6,12
6,12,1.2044,55.0,0.3674,147.5,2.285,12
6,12,1.2044,70.0,0.5023,42.14,1.183,12
6,12,2.3466,30.0,0.5209,209.6,7.381,12
6,12,3.4886,20.0,0.5648,388.2,8.399,12
6,12,4.6286,16.0,0.6664,388.4,6.57,12
6,12,2.3466,45.0,0.9398,13.68,1.13,12
6,12,4.6286,20.0,0.9913,63.79,1.586,12
6,12,3.4886,28.0,0.9946,31.64,1.2,12
6,12,2.3466,60.0,1.2636,2.639,1.036,12
6,12,4.6286,25.0,1.401,11.02,1.037,12
6,12,1.2044,45.0,0.2786,552.6,6.307,12
6,12,3.4886,14.0,0.2844,5818.0,106.8,12
6,12,4.6286,10.65,0.2985,9517.0,277.6,12
6,12,1.2044,55.0,0.3812,179.5,2.446,12
6,12,1.2044,70.0,0.5138,49.62,1.201,12
6,12,2.3466,30.0,0.5369,238.8,8.212,12
6,12,3.4886,20.0,0.5822,440.3,8.612,12
6,12,4.6286,16.0,0.6843,436.7,6.525,12
6,12,4.6286,16.0,0.6843,437.1,9.531,12
6,12,4.6286,16.0,0.6843,436.7,6.525,12
6,12,4.6286,16.0,0.6843,437.1,9.531,12
6,12,2.3466,45.0,0.9521,15.19,1.15,12
6,12,4.6286,20.0,1.0077,69.43,1.607,12
6,12,3.4886,28.0,1.0095,33.78,1.206,12
6,12,2.3466,60.0,1.273,2.922,1.036,12
6,12,4.6286,25.0,1.4156,12.1,1.04,12
6,12,1.2044,45.0,0.2941,677.3,6.776,12
6,12,3.4886,14.0,0.3036,6827.0,104.1,12
6,12,4.6286,10.65,0.3181,10940.0,287.0,12
6,12,1.2044,55.0,0.3949,215.3,2.617,12
6,12,1.2044,70.0,0.5254,56.07,1.211,12
6,12,2.3466,30.0,0.5529,268.3,9.045,12
6,12,3.4886,20.0,0.5996,489.0,8.871,12
6,12,4.6286,16.0,0.7022,484.7,6.559,12
6,12,4.6286,16.0,0.7022,455.9,8.971,12
6,12,4.6286,16.0,0.7022,484.7,6.559,12
6,12,4.6286,16.0,0.7022,455.9,8.971,12
6,12,2.3466,45.0,0.9644,16.85,1.175,12
6,12,4.6286,20.0,1.0242,73.74,1.615,12
6,12,3.4886,28.0,1.0243,36.79,1.221,12
6,12,2.3466,60.0,1.2825,3.062,1.035,12
6,12,4.6286,25.0,1.4302,12.52,1.039,12
6,12,3.4886,14.0,0.3228,7797.0,101.5,12
6,12,4.6286,10.65,0.3378,11780.0,278.7,12
6,12,1.2044,55.0,0.4087,241.6,2.682,12
6,12,1.2044,70.0,0.5369,63.32,1.224,12
6,12,2.3466,30.0,0.5688,288.0,9.576,12
6,12,3.4886,20.0,0.6171,520.4,8.898,12
6,12,4.6286,16.0,0.7201,502.6,8.852,12
6,12,3.4886,28.0,1.0392,38.99,1.229,12
6,12,4.6286,20.0,1.0406,81.68,1.656,12
6,12,2.3466,60.0,1.292,3.298,1.035,12
6,12,4.6286,25.0,1.4447,13.71,1.042,12
6,12,3.4886,14.0,0.342,8444.0,99.61,12
6,12,4.6286,10.65,0.3574,12750.0,272.9,12
6,12,1.2044,55.0,0.4225,260.6,2.702,12
6,12,1.2044,70.0,0.5485,69.36,1.232,12
6,12,2.3466,30.0,0.5848,311.2,10.23,12
6,12,3.4886,20.0,0.6345,540.5,8.811,12
6,12,4.6286,16.0,0.738,526.5,8.638,12
6,12,2.3466,45.0,0.989,19.0,1.223,12
6,12,3.4886,28.0,1.054,41.27,1.239,12
6,12,4.6286,20.0,1.057,82.72,1.625,12
6,12,2.3466,60.0,1.3014,3.565,1.035,12
6,12,4.6286,25.0,1.4593,14.29,1.042,12
6,12,1.2044,45.0,0.3406,921.6,8.501,12
6,12,3.4886,14.0,0.3612,8661.0,97.12,12
6,12,4.6286,10.65,0.3771,13440.0,263.8,12
6,12,1.2044,55.0,0.4363,276.9,2.718,12
6,12,1.2044,70.0,0.56,75.93,1.245,12
6,12,2.3466,30.0,0.6008,328.6,10.72,12
6,12,3.4886,20.0,0.6519,567.2,8.905,12
6,12,4.6286,16.0,0.7559,555.1,8.747,12
6,12,2.3466,45.0,1.0013,20.84,1.248,12
6,12,3.4886,28.0,1.0689,42.96,1.245,12
6,12,4.6286,20.0,1.0735,89.98,1.671,12
6,12,2.3466,60.0,1.3109,3.784,1.036,12
6,12,4.6286,25.0,1.4739,15.43,1.045,12
6,12,1.2044,45.0,0.3561,943.4,8.31,12
6,12,3.4886,14.0,0.3804,8697.0,95.6,12
6,12,4.6286,10.65,0.3967,13540.0,243.1,12
6,12,1.2044,55.0,0.45,298.9,2.912,12
6,12,1.2044,70.0,0.5716,82.57,1.294,12
6,12,2.3466,30.0,0.6167,335.9,10.9,12
6,12,3.4886,20.0,0.6693,588.8,8.934,12
6,12,4.6286,16.0,0.7738,568.7,8.651,12
6,12,2.3466,45.0,1.0136,21.71,1.26,12
6,12,3.4886,28.0,1.0837,46.05,1.262,12
6,12,4.6286,20.0,1.0899,92.23,1.668,12
6,12,2.3466,60.0,1.3204,4.069,1.037,12
6,12,4.6286,25.0,1.4885,15.65,1.045,12
6,12,1.2044,45.0,0.3716,927.8,8.034,12
6,12,3.4886,14.0,0.3996,8700.0,95.01,12
6,12,4.6286,10.65,0.4164,13080.0,220.7,12
6,12,2.3466,30.0,0.6327,352.8,11.37,12
6,12,3.4886,20.0,0.6867,602.7,8.958,12
6,12,4.6286,16.0,0.7917,591.5,8.815,12
6,12,2.3466,45.0,1.0259,22.66,1.276,12
6,12,3.4886,28.0,1.0986,48.46,1.275,12
6,12,4.6286,20.0,1.1063,100.0,1.718,12
6,12,4.6286,25.0,1.503,17.04,1.049,12
6,12,1.2044,45.0,0.387,917.5,7.918,12
6,12,3.4886,14.0,0.4188,8355.0,91.65,12
6,12,4.6286,10.65,0.436,12770.0,204.5,12
6,12,1.2044,55.0,0.4776,307.8,2.766,12
6,12,1.2044,70.0,0.5947,89.44,1.424,12
6,12,2.3466,30.0,0.6487,354.0,11.38,12
6,12,3.4886,20.0,0.7041,630.5,9.194,12
6,12,4.6286,16.0,0.8096,605.2,8.851,12
6,12,2.3466,45.0,1.0382,23.87,1.297,12
6,12,3.4886,28.0,1.1134,50.35,1.282,12
6,12,4.6286,20.0,1.1227,102.5,1.726,12
6,12,2.3466,60.0,1.3393,4.359,1.042,12
6,12,4.6286,25.0,1.5176,18.11,1.051,12
6,12,1.2044,45.0,0.4025,917.6,7.896,12
6,12,3.4886,14.0,0.438,8090.0,89.72,12
6,12,4.6286,10.65,0.4557,12140.0,187.7,12
6,12,1.2044,55.0,0.4914,307.6,2.709,12
6,12,1.2044,70.0,0.6063,90.42,1.412,12
6,12,2.3466,30.0,0.6646,356.4,11.42,12
6,12,3.4886,20.0,0.7215,625.7,9.058,12
6,12,4.6286,16.0,0.8275,600.0,8.714,12
6,12,2.3466,45.0,1.0505,25.34,1.325,12
6,12,3.4886,28.0,1.1283,53.19,1.301,12
6,12,4.6286,20.0,1.1392,105.8,1.754,12
6,12,2.3466,60.0,1.3488,5.0,1.044,12
6,12,4.6286,25.0,1.5322,19.13,1.054,12
6,12,1.2044,45.0,0.418,860.2,7.457,12
6,12,3.4886,14.0,0.4572,7603.0,85.3,12
6,12,4.6286,10.65,0.4753,11690.0,178.4,12
6,12,1.2044,55.0,0.5051,302.2,2.654,12
6,12,1.2044,70.0,0.6178,92.54,1.413,12
6,12,2.3466,30.0,0.6806,362.7,11.6,12
6,12,3.4886,20.0,0.7389,637.7,9.144,12
6,12,4.6286,16.0,0.8454,615.2,8.751,12
6,12,2.3466,45.0,1.0628,26.76,1.353,12
6,12,3.4886,28.0,1.1431,57.12,1.328,12
6,12,4.6286,20.0,1.1556,112.9,1.823,12
6,12,4.6286,20.0,1.1556,110.7,3.107,12
6,12,4.6286,20.0,1.1556,112.9,1.823,12
6,12,4.6286,20.0,1.1556,110.7,3.107,12
6,12,2.3466,60.0,1.3583,5.231,1.045,12
6,12,4.6286,25.0,1.5468,20.14,1.059,12
6,12,1.2044,45.0,0.4335,808.4,7.083,12
6,12,3.4886,14.0,0.4764,7239.0,82.89,12
6,12,4.6286,10.65,0.4949,11490.0,176.0,12
6,12,1.2044,55.0,0.5189,301.7,2.65,12
6,12,1.2044,70.0,0.6294,94.9,1.422,12
6,12,2.3466,30.0,0.6966,362.9,11.58,12
6,12,3.4886,20.0,0.7563,651.3,9.281,12
6,12,4.6286,16.0,0.8632,615.6,8.775,12
6,12,2.3466,45.0,1.0751,27.74,1.372,12
6,12,3.4886,28.0,1.158,57.93,1.329,12
6,12,4.6286,20.0,1.172,113.3,1.838,12
6,12,4.6286,20.0,1.172,114.3,2.986,12
6,12,4.6286,20.0,1.172,113.3,1.838,12
6,12,4.6286,20.0,1.172,114.3,2.986,12
6,12,2.3466,60.0,1.3677,5.573,1.047,12
6,12,4.6286,25.0,1.5614,20.92,1.061,12
6,12,1.2044,45.0,0.449,804.5,7.365,12
6,12,3.4886,14.0,0.4956,7029.0,82.79,12
6,12,4.6286,10.65,0.5146,10680.0,167.1,12
6,12,1.2044,55.0,0.5327,302.5,2.655,12
6,12,1.2044,70.0,0.6409,98.46,1.437,12
6,12,2.3466,30.0,0.7125,367.0,11.7,12
6,12,3.4886,20.0,0.7738,646.7,9.211,12
6,12,4.6286,16.0,0.8811,634.5,8.929,12
6,12,2.3466,45.0,1.0874,29.48,1.407,12
6,12,3.4886,28.0,1.1729,59.03,1.333,12
6,12,4.6286,20.0,1.1885,120.6,2.97,12
6,12,2.3466,60.0,1.3772,5.814,1.048,12
6,12,4.6286,25.0,1.5759,22.81,1.07,12
6,12,4.6286,25.0,1.5759,21.62,1.144,12
6,12,4.6286,25.0,1.5759,22.81,1.07,12
6,12,4.6286,25.0,1.5759,21.62,1.144,12
6,12,3.4886,14.0,0.5148,6835.0,83.99,12
6,12,4.6286,10.65,0.5342,10260.0,166.3,12
6,12,1.2044,55.0,0.5465,299.1,2.634,12
6,12,1.2044,70.0,0.6525,98.43,1.435,12
6,12,2.3466,30.0,0.7285,381.1,12.15,12
6,12,3.4886,20.0,0.7912,676.3,9.536,12
6,12,4.6286,16.0,0.899,651.6,9.163,12
6,12,2.3466,45.0,1.0997,31.06,1.441,12
6,12,3.4886,28.0,1.1877,62.07,1.354,12
6,12,4.6286,20.0,1.2049,124.3,2.902,12
6,12,2.3466,60.0,1.3867,6.262,1.051,12
6,12,4.6286,25.0,1.5905,23.33,1.144,12
6,12,1.2044,45.0,0.48,788.3,6.997,12
6,12,3.4886,14.0,0.534,6816.0,108.0,12
6,12,4.6286,10.65,0.5539,10300.0,172.2,12
6,12,1.2044,55.0,0.5602,300.8,2.658,12
6,12,1.2044,70.0,0.664,101.5,1.459,12
6,12,2.3466,30.0,0.7445,383.3,12.29,12
6,12,3.4886,20.0,0.8086,675.0,9.514,12
6,12,4.6286,16.0,0.9169,644.9,8.974,12
6,12,2.3466,45.0,1.112,31.47,1.448,12
6,12,3.4886,28.0,1.2026,64.53,1.368,12
6,12,4.6286,20.0,1.2213,126.2,2.881,12
6,12,2.3466,60.0,1.3962,6.573,1.054,12
6,12,4.6286,25.0,1.6051,23.15,1.133,12
6,12,1.2044,45.0,0.4955,808.9,7.163,12
6,12,3.4886,14.0,0.5532,6721.0,100.2,12
6,12,4.6286,10.65,0.5735,10210.0,175.5,12
6,12,2.3466,30.0,0.7604,385.3,12.72,12
6,12,3.4886,20.0,0.826,673.5,9.463,12
6,12,4.6286,16.0,0.9348,664.4,9.225,12
6,12,2.3466,45.0,1.1243,33.54,1.494,12
6,12,3.4886,28.0,1.2174,67.74,1.394,12
6,12,4.6286,20.0,1.2377,132.8,2.958,12
6,12,2.3466,60.0,1.4056,7.172,1.058,12
6,12,4.6286,25.0,1.6197,25.52,1.14,12
6,12,1.2044,45.0,0.511,837.9,7.409,12
6,12,3.4886,14.0,0.5724,6678.0,98.64,12
6,12,1.2044,55.0,0.5878,334.6,3.58,12
6,12,4.6286,10.65,0.5932,10210.0,179.0,12
6,12,1.2044,70.0,0.6871,114.8,1.585,12
6,12,2.3466,30.0,0.7764,394.6,12.84,12
6,12,3.4886,20.0,0.8434,689.7,9.656,12
6,12,4.6286,16.0,0.9527,695.6,9.535,12
6,12,2.3466,45.0,1.1366,34.49,1.515,12
6,12,3.4886,28.0,1.2323,69.4,1.403,12
6,12,4.6286,20.0,1.2542,135.7,2.979,12
6,12,2.3466,60.0,1.4151,7.583,1.062,12
6,12,4.6286,25.0,1.6342,26.04,1.137,12
6,12,1.2044,45.0,0.5265,884.5,7.733,12
6,12,3.4886,14.0,0.5915,6800.0,100.1,12
6,12,1.2044,55.0,0.6016,341.1,3.364,12
6,12,4.6286,10.65,0.6128,10350.0,182.6,12
6,12,1.2044,70.0,0.6987,121.6,1.561,12
6,12,2.3466,30.0,0.7924,410.9,13.31,12
6,12,3.4886,20.0,0.8608,706.1,9.848,12
6,12,4.6286,16.0,0.9706,692.3,9.427,12
6,12,2.3466,45.0,1.1489,37.51,1.587,12
6,12,3.4886,28.0,1.2471,73.36,1.435,12
6,12,4.6286,20.0,1.2706,135.2,2.965,12
6,12,2.3466,60.0,1.4246,7.936,1.065,12
6,12,4.6286,25.0,1.6488,27.25,1.143,12
6,12,1.2044,45.0,0.542,925.5,7.954,12
6,12,3.4886,14.0,0.6107,6883.0,100.6,12
6,12,1.2044,55.0,0.6153,353.9,3.441,12
6,12,4.6286,10.65,0.6325,10730.0,188.2,12
6,12,1.2044,70.0,0.7103,127.9,1.594,12
6,12,2.3466,30.0,0.8083,415.5,13.45,12
6,12,3.4886,20.0,0.8782,717.1,9.958,12
6,12,4.6286,16.0,0.9885,712.6,9.63,12
6,12,2.3466,45.0,1.1612,38.79,1.627,12
6,12,3.4886,28.0,1.262,76.86,1.475,12
6,12,4.6286,20.0,1.287,143.4,3.053,12
6,12,2.3466,60.0,1.434,8.286,1.068,12
6,12,3.4886,36.0,1.6199,14.9,1.057,12
6,12,4.6286,25.0,1.6634,28.81,1.151,12
6,12,1.2044,45.0,0.5574,939.7,7.987,12
6,12,1.2044,55.0,0.6291,374.6,3.565,12
6,12,3.4886,14.0,0.6299,6946.0,100.3,12
6,12,4.6286,10.65,0.6521,10610.0,184.0,12
6,12,4.6286,10.65,0.6521,11020.0,220.8,12
6,12,4.6286,10.65,0.6521,10610.0,184.0,12
6,12,4.6286,10.65,0.6521,11020.0,220.8,12
6,12,1.2044,70.0,0.7218,134.1,1.628,12
6,12,2.3466,30.0,0.8243,419.1,13.55,12
6,12,3.4886,20.0,0.8956,759.2,10.52,12
6,12,4.6286,16.0,1.0064,735.7,9.849,12
6,12,2.3466,45.0,1.1735,40.5,1.721,12
6,12,3.4886,28.0,1.2768,80.81,1.522,12
6,12,4.6286,20.0,1.3035,143.9,3.04,12
6,12,2.3466,60.0,1.4435,8.834,1.072,12
6,12,3.4886,36.0,1.6323,15.63,1.055,12
6,12,4.6286,25.0,1.678,30.17,1.158,12
6,12,1.2044,55.0,0.6429,392.9,3.671,12
6,12,3.4886,14.0,0.6491,7007.0,100.7,12
6,12,4.6286,10.65,0.6718,10850.0,185.3,12
6,12,4.6286,10.65,0.6718,10730.0,199.7,12
6,12,4.6286,10.65,0.6718,10850.0,185.3,12
6,12,4.6286,10.65,0.6718,10730.0,199.7,12
6,12,1.2044,70.0,0.7334,139.8,1.652,12
6,12,2.3466,30.0,0.8403,432.4,13.96,12
6,12,3.4886,20.0,0.913,760.2,10.7,12
6,12,4.6286,16.0,1.0243,749.0,9.958,12
6,12,2.3466,45.0,1.1858,41.29,1.716,12
6,12,4.6286,20.0,1.3199,156.0,3.198,12
6,12,2.3466,60.0,1.453,9.289,1.077,12
6,12,3.4886,36.0,1.6448,15.97,1.053,12
6,12,4.6286,25.0,1.6926,29.97,1.154,12
6,12,1.2044,45.0,0.5884,1001.0,9.32,12
6,12,1.2044,55.0,0.6567,399.2,3.683,12
6,12,3.4886,14.0,0.6683,6867.0,99.0,12
6,12,4.6286,10.65,0.6914,10900.0,184.5,12
6,12,4.6286,10.65,0.6914,10990.0,193.9,12
6,12,4.6286,10.65,0.6914,10900.0,184.5,12
6,12,4.6286,10.65,0.6914,10990.0,193.9,12
6,12,1.2044,70.0,0.7449,145.2,1.678,12
6,12,2.3466,30.0,0.8562,448.7,14.45,12
6,12,4.6286,16.0,1.0422,759.8,10.02,12
6,12,2.3466,45.0,1.1981,43.47,1.765,12
6,12,4.6286,20.0,1.3363,156.0,3.177,12
6,12,2.3466,60.0,1.4625,10.16,1.088,12
6,12,3.4886,36.0,1.6573,16.71,1.054,12
6,12,4.6286,25.0,1.7071,31.95,1.164,12
6,12,1.2044,45.0,0.6039,1024.0,8.792,12
6,12,1.2044,55.0,0.6704,416.1,3.993,12
6,12,3.4886,14.0,0.6875,6921.0,99.39,12
6,12,4.6286,10.65,0.7111,10880.0,187.3,12
6,12,1.2044,70.0,0.7565,155.7,1.83,12
6,12,2.3466,30.0,0.8722,463.4,14.89,12
6,12,4.6286,16.0,1.0601,757.6,9.975,12
6,12,2.3466,45.0,1.2104,44.68,1.795,12
6,12,3.4886,28.0,1.3214,86.38,1.823,12
6,12,4.6286,20.0,1.3527,160.0,3.23,12
6,12,3.4886,36.0,1.6697,17.54,1.056,12
6,12,4.6286,25.0,1.7217,34.12,1.177,12
6,12,1.2044,45.0,0.6194,1013.0,8.659,12
6,12,3.4886,14.0,0.7067,6876.0,98.37,12
6,12,4.6286,10.65,0.7307,10820.0,183.5,12
6,12,2.3466,30.0,0.8882,460.9,14.8,12
6,12,3.4886,20.0,0.9653,794.8,12.88,12
6,12,4.6286,16.0,1.078,802.5,10.47,12
6,12,2.3466,45.0,1.2227,46.78,1.848,12
6,12,3.4886,28.0,1.3362,92.27,1.835,12
6,12,4.6286,20.0,1.3692,164.7,3.253,12
6,12,2.3466,60.0,1.4814,10.99,1.088,12
6,12,3.4886,36.0,1.6822,18.45,1.059,12
6,12,4.6286,25.0,1.7363,35.32,1.183,12
6,12,1.2044,45.0,0.6349,1003.0,8.59,12
6,12,1.2044,55.0,0.698,441.5,3.904,12
6,12,3.4886,14.0,0.7259,6695.0,95.8,12
6,12,4.6286,10.65,0.7504,10650.0,177.8,12
6,12,2.3466,30.0,0.9041,471.6,15.12,12
6,12,3.4886,20.0,0.9827,817.1,12.66,12
6,12,4.6286,16.0,1.0959,797.9,10.39,12
6,12,2.3466,45.0,1.235,48.8,1.9,12
6,12,3.4886,28.0,1.3511,94.22,1.821,12
6,12,4.6286,20.0,1.3856,175.3,3.375,12
6,12,2.3466,60.0,1.4909,11.41,1.09,12
6,12,3.4886,36.0,1.6947,19.56,1.063,12
6,12,4.6286,25.0,1.7509,37.83,1.198,12
6,12,1.2044,45.0,0.6504,973.7,8.371,12
6,12,1.2044,55.0,0.7118,438.6,3.86,12
6,12,3.4886,14.0,0.7451,6563.0,94.3,12
6,12,4.6286,10.65,0.77,10500.0,173.3,12
6,12,2.3466,30.0,0.9201,477.3,15.27,12
6,12,3.4886,20.0,1.0001,836.8,12.79,12
6,12,4.6286,16.0,1.1138,828.5,10.7,12
6,12,2.3466,45.0,1.2473,50.38,1.94,12
6,12,3.4886,28.0,1.3659,95.72,1.829,12
6,12,4.6286,20.0,1.402,184.4,3.481,12
6,12,2.3466,60.0,1.5003,12.28,1.1,12
6,12,3.4886,36.0,1.7071,20.42,1.066,12
6,12,4.6286,25.0,1.7654,38.81,1.201,12
6,12,1.2044,45.0,0.6659,953.7,8.394,12
6,12,1.2044,55.0,0.7255,442.0,3.864,12
6,12,3.4886,14.0,0.7643,6656.0,95.62,12
6,12,4.6286,10.65,0.7896,10280.0,168.5,12
6,12,2.3466,30.0,0.9361,479.8,15.34,12
6,12,3.4886,20.0,1.0175,832.6,12.7,12
6,12,4.6286,16.0,1.1317,852.9,10.98,12
6,12,2.3466,45.0,1.2596,53.62,2.026,12
6,12,3.4886,28.0,1.3808,99.91,1.864,12
6,12,4.6286,20.0,1.4185,185.4,3.477,12
6,12,2.3466,60.0,1.5098,12.72,1.105,12
6,12,3.4886,36.0,1.7196,20.9,1.067,12
6,12,4.6286,25.0,1.78,39.91,1.206,12
6,12,1.2044,55.0,0.7393,439.1,3.851,12
6,12,3.4886,14.0,0.7835,6607.0,95.6,12
6,12,4.6286,10.65,0.8093,9922.0,162.0,12
6,12,2.3466,30.0,0.952,501.0,16.0,12
6,12,3.4886,20.0,1.0349,838.7,12.71,12
6,12,4.6286,16.0,1.1496,874.9,11.31,12
6,12,4.6286,16.0,1.1496,848.8,14.91,12
6,12,4.6286,16.0,1.1496,874.9,11.31,12
6,12,4.6286,16.0,1.1496,848.8,14.91,12
6,12,2.3466,45.0,1.2719,55.76,2.082,12
6,12,3.4886,28.0,1.3956,102.4,1.888,12
6,12,4.6286,20.0,1.4349,191.4,3.547,12
6,12,2.3466,60.0,1.5193,13.54,1.115,12
6,12,3.4886,36.0,1.7321,22.85,1.074,12
6,12,4.6286,25.0,1.7946,42.71,1.222,12
6,12,3.4886,40.0,1.8821,12.17,1.049,12
6,12,1.2044,45.0,0.6969,947.2,7.772,12
6,12,1.2044,55.0,0.7531,439.5,3.981,12
6,12,3.4886,14.0,0.8027,6535.0,94.79,12
6,12,4.6286,10.65,0.8289,9763.0,159.6,12
6,12,2.3466,30.0,0.968,509.3,16.36,12
6,12,3.4886,20.0,1.0523,849.9,12.79,12
6,12,4.6286,16.0,1.1675,896.1,11.84,12
6,12,4.6286,16.0,1.1675,863.4,14.2,12
6,12,4.6286,16.0,1.1675,896.1,11.84,12
6,12,4.6286,16.0,1.1675,863.4,14.2,12
6,12,2.3466,45.0,1.2843,57.37,2.123,12
6,12,3.4886,28.0,1.4105,106.0,1.914,12
6,12,4.6286,20.0,1.4513,201.4,3.629,12
6,12,2.3466,60.0,1.5288,14.17,1.123,12
6,12,3.4886,36.0,1.7445,23.26,1.075,12
6,12,4.6286,25.0,1.8092,44.77,1.233,12
6,12,3.4886,40.0,1.8935,12.82,1.047,12
6,12,1.2044,45.0,0.7124,950.6,7.745,12
6,12,2.3466,20.0,0.7658,3891.0,123.1,12
6,12,3.4886,14.0,0.8219,6313.0,92.35,12
6,12,4.6286,10.65,0.8486,9627.0,157.2,12
6,12,2.3466,30.0,0.984,519.0,16.85,12
6,12,3.4886,20.0,1.0698,852.0,12.77,12
6,12,4.6286,16.0,1.1854,938.4,14.36,12
6,12,2.3466,45.0,1.2966,59.93,2.192,12
6,12,3.4886,28.0,1.4253,111.4,1.964,12
6,12,4.6286,20.0,1.4677,206.5,3.687,12
6,12,2.3466,60.0,1.5382,14.93,1.132,12
6,12,3.4886,36.0,1.757,24.79,1.081,12
6,12,4.6286,25.0,1.8238,46.36,1.241,12
6,12,3.4886,40.0,1.9049,13.49,1.047,12
6,12,1.2044,45.0,0.7279,921.1,7.562,12
6,12,2.3466,20.0,0.7843,3861.0,121.8,12
6,12,3.4886,14.0,0.8411,6250.0,91.74,12
6,12,4.6286,10.65,0.8682,9526.0,155.8,12
6,12,2.3466,30.0,0.9999,518.0,16.61,12
6,12,3.4886,20.0,1.0872,874.5,13.02,12
6,12,4.6286,16.0,1.2033,912.4,13.78,12
6,12,2.3466,45.0,1.3089,63.03,2.277,12
6,12,3.4886,28.0,1.4402,116.0,2.005,12
6,12,4.6286,20.0,1.4842,206.4,3.649,12
6,12,2.3466,60.0,1.5477,16.1,1.149,12
6,12,3.4886,36.0,1.7694,25.97,1.085,12
6,12,4.6286,25.0,1.8383,47.74,1.246,12
6,12,3.4886,40.0,1.9163,14.29,1.048,12
6,12,1.2044,45.0,0.7433,905.6,7.482,12
6,12,2.3466,20.0,0.8028,3817.0,120.5,12
6,12,3.4886,14.0,0.8603,6306.0,92.91,12
6,12,4.6286,10.65,0.8879,9602.0,157.1,12
6,12,2.3466,30.0,1.0159,534.4,17.1,12
6,12,3.4886,20.0,1.1046,897.2,13.28,12
6,12,4.6286,16.0,1.2212,935.4,13.94,12
6,12,2.3466,45.0,1.3212,67.41,2.407,12
6,12,3.4886,28.0,1.455,120.4,2.037,12
6,12,4.6286,20.0,1.5006,214.8,3.757,12
6,12,2.3466,60.0,1.5572,16.58,1.155,12
6,12,3.4886,36.0,1.7819,26.69,1.087,12
6,12,4.6286,25.0,1.8529,49.72,1.258,12
6,12,3.4886,40.0,1.9277,14.69,1.049,12
6,12,2.3466,20.0,0.8214,3755.0,118.5,12
6,12,3.4886,14.0,0.8795,6193.0,91.51,12
6,12,4.6286,10.65,0.9075,9396.0,154.1,12
6,12,2.3466,30.0,1.0319,533.0,17.04,12
6,12,3.4886,20.0,1.122,894.2,13.21,12
6,12,4.6286,16.0,1.2391,924.5,13.78,12
6,12,3.4886,28.0,1.4699,126.4,2.098,12
6,12,4.6286,20.0,1.517,227.7,3.864,12
6,12,2.3466,60.0,1.5666,17.47,1.168,12
6,12,3.4886,36.0,1.7944,27.77,1.091,12
6,12,4.6286,25.0,1.8675,50.46,1.256,12
6,12,3.4886,40.0,1.9391,15.3,1.051,12
6,12,1.2044,45.0,0.7743,916.2,7.292,12
6,12,2.3466,20.0,0.8399,3748.0,118.4,12
6,12,3.4886,14.0,0.8987,6213.0,92.2,12
6,12,4.6286,10.65,0.9272,9385.0,154.1,12
6,12,2.3466,30.0,1.0478,537.8,17.19,12
6,12,3.4886,20.0,1.1394,921.5,13.55,12
6,12,4.6286,16.0,1.257,964.7,14.17,12
6,12,2.3466,45.0,1.3458,71.12,2.571,12
6,12,3.4886,28.0,1.4847,127.9,2.103,12
6,12,4.6286,20.0,1.5335,232.3,3.909,12
6,12,2.3466,60.0,1.5761,18.37,1.182,12
6,12,3.4886,36.0,1.8068,29.38,1.097,12
6,12,4.6286,25.0,1.8821,54.15,1.278,12
6,12,3.4886,40.0,1.9505,15.7,1.051,12
6,12,1.2044,45.0,0.7898,911.6,7.073,12
6,12,2.3466,20.0,0.8584,3723.0,117.7,12
6,12,3.4886,14.0,0.9179,6329.0,96.01,12
6,12,4.6286,10.65,0.9468,9334.0,153.5,12
6,12,2.3466,30.0,1.0638,553.0,17.65,12
6,12,3.4886,20.0,1.1568,941.1,13.72,12
6,12,4.6286,16.0,1.2749,992.2,14.42,12
6,12,2.3466,45.0,1.3581,71.43,2.563,12
6,12,3.4886,28.0,1.4996,131.7,2.134,12
6,12,4.6286,20.0,1.5499,239.2,4.033,12
6,12,2.3466,60.0,1.5856,19.42,1.199,12
6,12,3.4886,36.0,1.8193,30.08,1.1,12
6,12,4.6286,25.0,1.8966,56.6,1.295,12
6,12,3.4886,40.0,1.9619,16.86,1.055,12
6,12,1.2044,45.0,0.8053,905.4,7.035,12
6,12,2.3466,20.0,0.8769,3627.0,114.7,12
6,12,4.6286,10.65,0.9665,9288.0,152.9,12
6,12,2.3466,30.0,1.0797,556.2,17.74,12
6,12,3.4886,20.0,1.1742,963.6,13.95,12
6,12,4.6286,16.0,1.2927,955.9,13.8,12
6,12,2.3466,45.0,1.3704,75.44,2.675,12
6,12,3.4886,28.0,1.5144,137.1,2.181,12
6,12,4.6286,20.0,1.5663,245.9,4.157,12
6,12,3.4886,36.0,1.8318,32.24,1.11,12
6,12,4.6286,25.0,1.9112,58.23,1.307,12
6,12,3.4886,40.0,1.9733,17.52,1.057,12
6,12,1.2044,45.0,0.8208,903.0,7.138,12
6,12,2.3466,20.0,0.8955,3656.0,115.5,12
6,12,3.4886,14.0,0.9563,6225.0,91.03,12
6,12,4.6286,10.65,0.9861,9655.0,157.6,12
6,12,2.3466,30.0,1.0957,571.4,18.18,12
6,12,3.4886,20.0,1.1916,967.4,13.94,12
6,12,4.6286,16.0,1.3106,980.5,14.17,12
6,12,2.3466,45.0,1.3827,78.92,2.77,12
6,12,3.4886,28.0,1.5293,138.3,2.184,12
6,12,4.6286,20.0,1.5827,255.6,4.344,12
6,12,4.6286,20.0,1.5827,249.7,8.31,12
6,12,4.6286,20.0,1.5827,255.6,4.344,12
6,12,4.6286,20.0,1.5827,249.7,8.31,12
6,12,2.3466,60.0,1.6045,21.28,1.327,12
6,12,3.4886,36.0,1.8442,33.5,1.121,12
6,12,4.6286,25.0,1.9258,60.09,1.324,12
6,12,3.4886,40.0,1.9847,18.46,1.06,12
6,12,2.3466,20.0,0.914,3607.0,114.0,12
6,12,3.4886,14.0,0.9755,6228.0,88.23,12
6,12,4.6286,10.65,1.0058,9398.0,152.9,12
6,12,2.3466,30.0,1.1117,582.5,18.5,12
6,12,3.4886,20.0,1.209,1005.0,14.31,12
6,12,4.6286,16.0,1.3285,1032.0,14.61,12
6,12,2.3466,45.0,1.395,82.26,2.864,12
6,12,3.4886,28.0,1.5442,146.4,2.257,12
6,12,4.6286,20.0,1.5992,258.8,8.043,12
6,12,2.3466,60.0,1.614,21.66,1.322,12
6,12,4.6286,25.0,1.9404,64.1,1.364,12
6,12,4.6286,25.0,1.9404,62.04,1.593,12
6,12,4.6286,25.0,1.9404,64.1,1.364,12
6,12,4.6286,25.0,1.9404,62.04,1.593,12
6,12,3.4886,40.0,1.9961,19.49,1.063,12
6,12,2.3466,20.0,0.9325,3574.0,113.0,12
6,12,3.4886,14.0,0.9947,6180.0,87.69,12
6,12,4.6286,10.65,1.0254,9386.0,152.6,12
6,12,2.3466,30.0,1.1276,587.2,18.64,12
6,12,3.4886,20.0,1.2265,1007.0,14.34,12
6,12,4.6286,16.0,1.3464,1050.0,14.77,12
6,12,2.3466,45.0,1.4073,84.24,2.92,12
6,12,3.4886,28.0,1.559,150.0,2.292,12
6,12,4.6286,20.0,1.6156,274.1,7.963,12
6,12,2.3466,60.0,1.6235,23.54,1.36,12
6,12,4.6286,25.0,1.955,63.35,1.553,12
6,12,3.4886,40.0,2.0075,20.61,1.067,12
6,12,2.3466,20.0,0.951,3620.0,114.4,12
6,12,3.4886,14.0,1.0139,6130.0,87.05,12
6,12,4.6286,10.65,1.045,9445.0,152.3,12
6,12,2.3466,30.0,1.1436,598.1,18.98,12
6,12,3.4886,20.0,1.2439,1023.0,14.43,12
6,12,4.6286,16.0,1.3643,1047.0,14.58,12
6,12,2.3466,45.0,1.4196,87.72,3.02,12
6,12,3.4886,28.0,1.5739,157.2,2.394,12
6,12,4.6286,20.0,1.632,264.0,7.696,12
6,12,2.3466,60.0,1.6329,24.01,1.369,12
6,12,3.4886,36.0,1.8816,37.15,1.233,12
6,12,4.6286,25.0,1.9695,66.26,1.543,12
6,12,3.4886,40.0,2.0189,21.15,1.068,12
6,12,2.3466,20.0,0.9695,3680.0,116.9,12
6,12,3.4886,14.0,1.033,6002.0,85.17,12
6,12,4.6286,10.65,1.0647,9599.0,153.6,12
6,12,2.3466,30.0,1.1596,622.5,19.85,12
6,12,3.4886,20.0,1.2613,1078.0,15.25,12
6,12,4.6286,16.0,1.3822,1074.0,14.82,12
6,12,2.3466,45.0,1.4319,90.6,3.099,12
6,12,3.4886,28.0,1.5887,162.2,2.497,12
6,12,2.3466,60.0,1.6424,25.24,1.394,12
6,12,4.6286,20.0,1.6484,279.8,7.936,12
6,12,3.4886,36.0,1.8941,38.34,1.217,12
6,12,4.6286,25.0,1.9841,67.2,1.523,12
6,12,3.4886,40.0,2.0303,21.41,1.069,12
6,12,2.3466,20.0,0.9881,3682.0,116.2,12
6,12,3.4886,14.0,1.0522,5949.0,84.38,12
6,12,4.6286,10.65,1.0843,9681.0,153.7,12
6,12,2.3466,30.0,1.1755,619.9,19.75,12
6,12,3.4886,20.0,1.2787,1069.0,15.55,12
6,12,4.6286,16.0,1.4001,1099.0,15.12,12
6,12,2.3466,45.0,1.4442,91.1,3.113,12
6,12,2.3466,60.0,1.6519,26.53,1.421,12
6,12,4.6286,20.0,1.6649,286.9,7.995,12
6,12,3.4886,36.0,1.9066,40.02,1.214,12
6,12,4.6286,25.0,1.9987,69.46,1.523,12
6,12,3.4886,40.0,2.0417,22.58,1.073,12
6,12,2.3466,20.0,1.0066,3632.0,114.4,12
6,12,3.4886,14.0,1.0714,5958.0,84.62,12
6,12,4.6286,10.65,1.104,9631.0,153.1,12
6,12,2.3466,30.0,1.1915,618.9,19.54,12
6,12,4.6286,16.0,1.418,1104.0,15.06,12
6,12,2.3466,45.0,1.4565,96.12,3.258,12
6,12,3.4886,28.0,1.6184,170.2,2.996,12
6,12,2.3466,60.0,1.6614,27.19,1.436,12
6,12,4.6286,20.0,1.6813,294.4,8.106,12
6,12,3.4886,36.0,1.919,41.51,1.218,12
6,12,4.6286,25.0,2.0133,73.21,1.546,12
6,12,3.4886,40.0,2.0531,23.73,1.076,12
6,12,2.3466,20.0,1.0251,3625.0,114.1,12
6,12,3.4886,14.0,1.0906,5854.0,83.61,12
6,12,4.6286,10.65,1.1236,9488.0,149.4,12
6,12,2.3466,30.0,1.2075,634.0,19.99,12
6,12,3.4886,20.0,1.3135,1081.0,15.26,12
6,12,4.6286,16.0,1.4359,1133.0,15.28,12
6,12,2.3466,45.0,1.4688,100.2,3.408,12
6,12,3.4886,28.0,1.6333,173.9,2.883,12
6,12,2.3466,60.0,1.6708,28.28,1.457,12
6,12,4.6286,20.0,1.6977,293.2,7.989,12
6,12,3.4886,36.0,1.9315,42.45,1.222,12
6,12,4.6286,25.0,2.0278,76.06,1.563,12
6,12,3.4886,40.0,2.0645,25.18,1.083,12
6,12,2.3466,20.0,1.0436,3523.0,111.0,12
6,12,3.4886,14.0,1.1098,5938.0,84.26,12
6,12,4.6286,10.65,1.1433,9534.0,150.2,12
6,12,4.6286,10.65,1.1433,9265.0,150.2,12
6,12,4.6286,10.65,1.1433,9534.0,150.2,12
6,12,4.6286,10.65,1.1433,9265.0,150.2,12
6,12,2.3466,30.0,1.2234,630.8,19.88,12
6,12,3.4886,20.0,1.3309,1107.0,14.83,12
6,12,4.6286,16.0,1.4538,1156.0,15.47,12
6,12,2.3466,45.0,1.4811,100.6,3.417,12
6,12,3.4886,28.0,1.6481,179.1,2.866,12
6,12,2.3466,60.0,1.6803,28.71,1.468,12
6,12,4.6286,20.0,1.7142,299.0,8.144,12
6,12,3.4886,36.0,1.944,43.54,1.227,12
6,12,4.6286,25.0,2.0424,76.03,1.557,12
6,12,3.4886,40.0,2.0759,25.98,1.09,12
6,12,2.3466,20.0,1.0622,3515.0,110.8,12
6,12,3.4886,14.0,1.129,5844.0,83.22,12
6,12,4.6286,10.65,1.1629,9422.0,150.3,12
6,12,4.6286,10.65,1.1629,9569.0,146.0,12
6,12,4.6286,10.65,1.1629,9422.0,150.3,12
6,12,4.6286,10.65,1.1629,9569.0,146.0,12
6,12,2.3466,30.0,1.2394,647.0,20.38,12
6,12,3.4886,20.0,1.3483,1095.0,14.53,12
6,12,4.6286,16.0,1.4717,1160.0,15.42,12
6,12,2.3466,45.0,1.4934,104.2,3.486,12
6,12,3.4886,28.0,1.663,182.7,2.878,12
6,12,2.3466,60.0,1.6898,30.92,1.523,12
6,12,4.6286,20.0,1.7306,315.4,8.34,12
6,12,3.4886,36.0,1.9564,45.02,1.235,12
6,12,4.6286,25.0,2.057,76.92,1.553,12
6,12,2.3466,20.0,1.0807,3435.0,108.3,12
6,12,3.4886,14.0,1.1482,5886.0,83.84,12
6,12,4.6286,10.65,1.1826,9476.0,142.5,12
6,12,2.3466,30.0,1.2554,644.3,20.26,12
6,12,3.4886,20.0,1.3657,1099.0,14.55,12
6,12,4.6286,16.0,1.4896,1156.0,15.27,12
6,12,2.3466,45.0,1.5057,108.0,3.59,12
6,12,3.4886,28.0,1.6778,183.9,2.87,12
6,12,4.6286,20.0,1.747,312.6,8.316,12
6,12,3.4886,36.0,1.9689,47.76,1.252,12
6,12,4.6286,25.0,2.0716,82.97,1.604,12
6,12,2.3466,20.0,1.0992,3426.0,108.0,12
6,12,3.4886,14.0,1.1674,5838.0,82.97,12
6,12,4.6286,10.65,1.2022,9412.0,141.6,12
6,12,2.3466,30.0,1.2713,664.4,20.87,12
6,12,3.4886,20.0,1.3832,1095.0,14.45,12
6,12,4.6286,16.0,1.5075,1210.0,15.86,12
6,12,2.3466,45.0,1.518,110.3,3.658,12
6,12,3.4886,28.0,1.6927,185.5,2.877,12
6,12,2.3476,60.0,1.7094,33.61,1.56,12
6,12,4.6286,20.0,1.7634,328.2,8.453,12
6,12,3.4886,36.0,1.9813,49.45,1.263,12
6,12,4.6286,25.0,2.0862,83.7,1.602,12
6,12,3.4886,40.0,2.1101,28.49,1.166,12
6,12,2.3466,20.0,1.1177,3381.0,106.5,12
6,12,3.4886,14.0,1.1866,5847.0,82.97,12
6,12,4.6286,10.65,1.2219,9147.0,137.2,12
6,12,2.3466,30.0,1.2873,663.8,20.84,12
6,12,3.4886,20.0,1.4006,1086.0,14.29,12
6,12,4.6286,16.0,1.5254,1194.0,15.54,12
6,12,2.3466,45.0,1.5303,112.4,3.715,12
6,12,3.4886,28.0,1.7075,190.4,2.92,12
6,12,2.3476,60.0,1.7189,34.71,1.571,12
6,12,4.6286,20.0,1.7799,326.8,8.473,12
6,12,3.4886,36.0,1.9938,50.03,1.266,12
6,12,4.6286,25.0,2.1007,83.45,1.595,12
6,12,3.4886,40.0,2.1215,29.07,1.154,12
6,12,2.3466,20.0,1.1362,3356.0,105.8,12
6,12,3.4886,14.0,1.2058,5754.0,81.83,12
6,12,4.6286,10.65,1.2415,9122.0,136.7,12
6,12,2.3466,30.0,1.3033,665.9,20.9,12
6,12,3.4886,20.0,1.418,1109.0,14.48,12
6,12,2.3466,45.0,1.5426,118.2,3.885,12
6,12,4.6286,16.0,1.5433,1209.0,15.73,12
6,12,3.4886,28.0,1.7224,196.7,2.981,12
6,12,2.3476,60.0,1.7284,35.93,1.599,12
6,12,4.6286,20.0,1.7963,337.2,8.59,12
6,12,3.4886,36.0,2.0063,52.22,1.279,12
6,12,4.6286,25.0,2.1153,85.9,1.607,12
6,12,3.4886,40.0,2.1329,29.57,1.15,12
6,12,2.3466,20.0,1.1548,3353.0,105.9,12
6,12,3.4886,14.0,1.225,5721.0,81.65,12
6,12,4.6286,10.65,1.2612,8855.0,132.2,12
6,12,2.3466,30.0,1.3192,687.0,21.6,12
6,12,3.4886,20.0,1.4354,1128.0,14.7,12
6,12,2.3466,45.0,1.5549,120.4,3.948,12
6,12,4.6286,16.0,1.5612,1223.0,16.07,12
6,12,3.4886,28.0,1.7372,199.2,3.001,12
6,12,2.3476,60.0,1.7378,37.56,1.638,12
6,12,4.6286,20.0,1.8127,344.2,8.702,12
6,12,3.4886,36.0,2.0187,52.74,1.279,12
6,12,4.6286,25.0,2.1299,90.54,1.645,12
6,12,3.4886,40.0,2.1443,30.69,1.154,12
6,12,2.3466,20.0,1.1733,3300.0,103.8,12
6,12,3.4886,14.0,1.2442,5717.0,81.1,12
6,12,4.6286,10.65,1.2808,8831.0,131.8,12
6,12,2.3466,30.0,1.3352,682.4,21.9,12
6,12,3.4886,20.0,1.4528,1137.0,14.72,12
6,12,2.3466,45.0,1.5672,120.9,3.958,12
6,12,4.6286,16.0,1.5791,1242.0,16.62,12
6,12,4.6286,16.0,1.5791,1235.0,19.11,12
6,12,4.6286,16.0,1.5791,1242.0,16.62,12
6,12,4.6286,16.0,1.5791,1235.0,19.11,12
6,12,2.3476,60.0,1.7473,38.42,1.657,12
6,12,3.4886,28.0,1.7521,204.8,3.049,12
6,12,4.6286,20.0,1.8292,341.2,8.64,12
6,12,3.4886,36.0,2.0312,54.39,1.288,12
6,12,4.6286,25.0,2.1445,93.38,1.658,12
6,12,3.4886,40.0,2.1557,31.7,1.158,12
6,12,2.3466,20.0,1.1918,3186.0,99.77,12
6,12,3.4886,14.0,1.2634,5741.0,81.7,12
6,12,4.6286,10.65,1.3004,8751.0,130.5,12
6,12,2.3466,30.0,1.3512,684.4,21.64,12
6,12,3.4886,20.0,1.4702,1153.0,14.87,12
6,12,2.3466,45.0,1.5795,125.0,4.082,12
6,12,4.6286,16.0,1.597,1261.0,17.58,12
6,12,4.6286,16.0,1.597,1257.0,18.24,12
6,12,4.6286,16.0,1.597,1261.0,17.58,12
6,12,4.6286,16.0,1.597,1257.0,18.24,12
6,12,2.3476,60.0,1.7568,39.96,1.694,12
6,12,3.4886,28.0,1.7669,209.5,3.081,12
6,12,4.6286,20.0,1.8456,353.0,8.817,12
6,12,3.4886,36.0,2.0437,57.06,1.304,12
6,12,4.6286,25.0,2.159,97.49,1.683,12
6,12,3.4886,40.0,2.1671,32.21,1.159,12
6,12,2.3466,20.0,1.2103,3196.0,100.1,12
6,12,3.4886,14.0,1.2826,5619.0,83.41,12
6,12,4.6286,10.65,1.3201,8629.0,128.5,12
6,12,2.3466,30.0,1.3671,669.9,21.17,12
6,12,3.4886,20.0,1.4876,1154.0,14.9,12
6,12,2.3466,45.0,1.5918,130.0,4.265,12
6,12,4.6286,16.0,1.6149,1243.0,17.61,12
6,12,2.3476,60.0,1.7662,41.82,1.741,12
6,12,3.4886,28.0,1.7818,212.6,3.115,12
6,12,4.6286,20.0,1.862,352.7,8.682,12
6,12,3.4886,36.0,2.0561,58.43,1.316,12
6,12,4.6286,25.0,2.1736,98.38,1.682,12
6,12,3.4886,40.0,2.1785,33.72,1.169,12
6,12,2.3466,20.0,1.2289,3185.0,99.69,12
6,12,3.4886,14.0,1.3018,5507.0,96.07,12
6,12,4.6286,10.65,1.3397,8609.0,128.5,12
6,12,2.3466,30.0,1.3831,683.9,21.59,12
6,12,3.4886,20.0,1.505,1163.0,14.9,12
6,12,2.3466,45.0,1.6041,126.4,4.353,12
6,12,4.6286,16.0,1.6328,1266.0,17.75,12
6,12,2.3476,60.0,1.7757,42.32,1.753,12
6,12,3.4886,28.0,1.7966,214.0,3.108,12
6,12,4.6286,20.0,1.8784,362.8,8.853,12
6,12,3.4886,36.0,2.0686,59.56,1.331,12
6,12,4.6286,25.0,2.1882,100.2,1.693,12
6,12,3.4886,40.0,2.1899,34.96,1.176,12
6,12,2.3466,20.0,1.2474,3037.0,95.1,12
6,12,3.4886,14.0,1.321,5422.0,88.06,12
6,12,4.6286,10.65,1.3594,8350.0,125.0,12
6,12,2.3466,30.0,1.3991,680.1,21.45,12
6,12,3.4886,20.0,1.5225,1152.0,14.77,12
6,12,2.3466,45.0,1.6164,132.9,4.492,12
6,12,4.6286,16.0,1.6507,1223.0,17.3,12
6,12,2.3476,60.0,1.7852,43.55,1.794,12
6,12,3.4886,28.0,1.8115,220.0,3.169,12
6,12,4.6286,20.0,1.8949,365.3,8.944,12
6,12,3.4886,36.0,2.0811,62.49,1.373,12
6,12,3.4886,40.0,2.2013,35.5,1.178,12
6,12,4.6286,25.0,2.2028,100.3,1.685,12
6,12,2.3466,20.0,1.2659,3051.0,95.53,12
6,12,3.4886,14.0,1.3402,5521.0,88.31,12
6,12,4.6286,10.65,1.379,8503.0,126.4,12
6,12,2.3466,30.0,1.415,692.8,21.83,12
6,12,3.4886,20.0,1.5399,1163.0,14.92,12
6,12,2.3466,45.0,1.6287,134.1,4.524,12
6,12,4.6286,16.0,1.6686,1262.0,17.74,12
6,12,2.3476,60.0,1.7947,44.91,1.835,12
6,12,3.4886,28.0,1.8263,225.4,3.222,12
6,12,4.6286,20.0,1.9113,373.9,9.101,12
6,12,3.4886,40.0,2.2127,38.17,1.194,12
6,12,4.6286,25.0,2.2174,105.0,1.714,12
6,12,2.3466,20.0,1.2844,2999.0,93.9,12
6,12,3.4886,14.0,1.3594,5329.0,86.17,12
6,12,4.6286,10.65,1.3987,8286.0,123.4,12
6,12,2.3466,30.0,1.431,680.8,21.46,12
6,12,3.4886,20.0,1.5573,1147.0,14.68,12
6,12,2.3466,45.0,1.641,137.5,4.627,12
6,12,4.6286,16.0,1.6865,1236.0,17.26,12
6,12,2.3476,60.0,1.8041,46.78,1.854,12
6,12,3.4886,28.0,1.8412,232.6,3.351,12
6,12,4.6286,20.0,1.9277,380.0,9.405,12
6,12,3.4886,36.0,2.106,64.45,1.723,12
6,12,3.4886,40.0,2.2241,38.26,1.192,12
6,12,4.6286,25.0,2.2319,108.6,1.752,12
6,12,2.3466,20.0,1.3029,2912.0,91.2,12
6,12,3.4886,14.0,1.3786,5184.0,84.01,12
6,12,4.6286,10.65,1.4183,8359.0,124.8,12
6,12,2.3466,30.0,1.447,679.0,21.4,12
6,12,3.4886,20.0,1.5747,1199.0,15.44,12
6,12,2.3466,45.0,1.6534,141.1,4.729,12
6,12,4.6286,16.0,1.7044,1238.0,17.23,12
6,12,2.3476,60.0,1.8136,47.32,1.868,12
6,12,3.4886,28.0,1.856,233.8,3.49,12
6,12,4.6286,20.0,1.9442,394.3,9.925,12
6,12,4.6286,20.0,1.9442,384.3,5.53,12
6,12,4.6286,20.0,1.9442,394.3,9.925,12
6,12,4.6286,20.0,1.9442,384.3,5.53,12
6,12,3.4886,36.0,2.1185,64.49,1.65,12
6,12,3.4886,40.0,2.2355,39.69,1.199,12
6,12,4.6286,25.0,2.2465,111.1,1.79,12
6,12,2.3466,20.0,1.3215,2934.0,92.14,12
6,12,3.4886,14.0,1.3978,5058.0,82.39,12
6,12,4.6286,10.65,1.438,8250.0,122.4,12
6,12,2.3466,30.0,1.4629,705.6,22.28,12
6,12,3.4886,20.0,1.5921,1169.0,15.65,12
6,12,2.3466,45.0,1.6657,140.5,4.706,12
6,12,4.6286,16.0,1.7223,1244.0,17.22,12
6,12,2.3476,60.0,1.8231,48.37,1.897,12
6,12,4.6286,20.0,1.9606,390.9,5.292,12
6,12,3.4886,36.0,2.1309,67.27,1.637,12
6,12,3.4886,40.0,2.2469,40.28,1.202,12
6,12,4.6286,25.0,2.2611,111.5,1.827,12
6,12,2.3466,20.0,1.34,2830.0,88.29,12
6,12,3.4886,14.0,1.417,4925.0,80.8,12
6,12,4.6286,10.65,1.4576,8204.0,121.7,12
6,12,2.3466,30.0,1.4789,695.4,22.07,12
6,12,2.3466,45.0,1.678,142.8,4.779,12
6,12,4.6286,16.0,1.7401,1255.0,17.51,12
6,12,2.3476,60.0,1.8325,50.41,1.951,12
6,12,3.4886,28.0,1.8857,235.5,3.71,12
6,12,4.6286,20.0,1.977,395.0,5.114,12
6,12,3.4886,36.0,2.1434,67.28,1.626,12
6,12,3.4886,40.0,2.2583,42.37,1.218,12
6,12,4.6286,25.0,2.2757,112.0,2.08,12
6,12,2.3466,20.0,1.3585,2784.0,86.64,12
6,12,3.4886,14.0,1.4362,5088.0,82.86,12
6,12,4.6286,10.65,1.4773,7976.0,119.2,12
6,12,2.3466,30.0,1.4949,682.3,21.44,12
6,12,3.4886,20.0,1.6269,1171.0,16.27,12
6,12,2.3466,45.0,1.6903,144.9,4.856,12
6,12,4.6286,16.0,1.758,1253.0,17.23,12
6,12,2.3476,60.0,1.842,51.78,1.989,12
6,12,3.4886,28.0,1.9006,244.0,3.641,12
6,12,4.6286,20.0,1.9934,393.5,5.021,12
6,12,3.4886,36.0,2.1559,69.15,1.641,12
6,12,3.4886,40.0,2.2697,43.6,1.236,12
6,12,4.6286,25.0,2.2902,115.2,2.037,12
6,12,2.3466,20.0,1.377,2732.0,85.03,12
6,12,3.4886,14.0,1.4554,4916.0,80.46,12
6,12,4.6286,10.65,1.4969,7911.0,118.2,12
6,12,2.3466,30.0,1.5108,682.1,21.42,12
6,12,3.4886,20.0,1.6443,1148.0,15.6,12
6,12,4.6286,16.0,1.7759,1274.0,17.5,12
6,12,2.3476,60.0,1.8515,52.2,2.002,12
6,12,3.4886,28.0,1.9155,241.3,3.559,12
6,12,4.6286,20.0,2.0099,405.0,5.126,12
6,12,3.4886,36.0,2.1683,69.45,1.64,12
6,12,4.6286,25.0,2.3048,117.0,2.002,12
6,12,2.3466,20.0,1.3956,2696.0,83.92,12
6,12,3.4886,14.0,1.4745,4911.0,80.79,12
6,12,4.6286,10.65,1.5166,7801.0,116.9,12
6,12,2.3466,30.0,1.5268,674.6,21.19,12
6,12,3.4886,20.0,1.6617,1159.0,15.66,12
6,12,2.3476,45.0,1.7154,149.7,4.944,12
6,12,4.6286,16.0,1.7938,1263.0,17.35,12
6,12,2.3476,60.0,1.8609,54.48,2.074,12
6,12,3.4886,28.0,1.9303,242.6,3.554,12
6,12,4.6286,20.0,2.0263,401.8,5.075,12
6,12,3.4886,36.0,2.1808,73.18,1.674,12
6,12,4.6286,25.0,2.3194,117.0,1.977,12
6,12,2.3466,20.0,1.4141,2678.0,83.35,12
6,12,3.4886,14.0,1.4937,4897.0,80.48,12
6,12,4.6286,10.65,1.5362,7829.0,117.0,12
6,12,2.3466,30.0,1.5428,680.2,21.35,12
6,12,3.4886,20.0,1.6792,1120.0,15.22,12
6,12,2.3476,45.0,1.7277,153.8,5.053,12
6,12,4.6286,16.0,1.8117,1277.0,17.47,12
6,12,3.4886,28.0,1.9452,242.6,3.539,12
6,12,4.6286,20.0,2.0427,402.4,5.012,12
6,12,3.4886,36.0,2.1932,75.64,1.698,12
6,12,3.4886,40.0,2.3039,45.45,1.543,12
6,12,4.6286,25.0,2.334,120.6,2.002,12
6,12,2.3466,20.0,1.4326,2619.0,81.5,12
6,12,3.4886,14.0,1.5129,4701.0,78.2,12
6,12,4.6286,10.65,1.5559,7689.0,115.2,12
6,12,4.6286,10.65,1.5559,7698.0,115.9,12
6,12,4.6286,10.65,1.5559,7689.0,115.2,12
6,12,4.6286,10.65,1.5559,7698.0,115.9,12
6,12,2.3466,30.0,1.5587,677.0,21.24,12
6,12,3.4886,20.0,1.6966,1141.0,15.35,12
6,12,2.3476,45.0,1.74,154.2,5.065,12
6,12,4.6286,16.0,1.8296,1292.0,17.64,12
6,12,2.3476,60.0,1.8799,58.56,2.362,12
6,12,3.4886,28.0,1.96,249.2,3.603,12
6,12,4.6286,20.0,2.0592,400.5,4.991,12
6,12,3.4886,36.0,2.2057,75.72,1.698,12
6,12,3.4886,40.0,2.3153,47.28,1.51,12
6,12,4.6286,25.0,2.3486,122.7,2.016,12
6,12,2.3466,20.0,1.4511,2527.0,78.71,12
6,12,3.4886,14.0,1.5321,4722.0,78.27,12
6,12,2.3466,30.0,1.5747,668.5,20.99,12
6,12,4.6286,10.65,1.5755,7554.0,114.9,12
6,12,4.6286,10.65,1.5755,7619.0,107.2,12
6,12,4.6286,10.65,1.5755,7554.0,114.9,12
6,12,4.6286,10.65,1.5755,7619.0,107.2,12
6,12,3.4886,20.0,1.714,1151.0,15.5,12
6,12,2.3476,45.0,1.7523,158.6,5.192,12
6,12,4.6286,16.0,1.8475,1273.0,17.45,12
6,12,2.3476,60.0,1.8893,60.51,2.412,12
6,12,3.4886,28.0,1.9749,248.1,3.583,12
6,12,4.6286,20.0,2.0756,414.7,5.122,12
6,12,3.4886,36.0,2.2182,78.38,1.721,12
6,12,3.4886,40.0,2.3267,47.67,1.494,12
6,12,4.6286,25.0,2.3631,122.8,1.989,12
6,12,2.3466,20.0,1.4696,2595.0,81.27,12
6,12,3.4886,14.0,1.5513,4587.0,76.66,12
6,12,2.3466,30.0,1.5907,685.3,21.65,12
6,12,4.6286,10.65,1.5951,7404.0,102.9,12
6,12,3.4886,20.0,1.7314,1127.0,15.22,12
6,12,2.3476,45.0,1.7646,161.6,5.284,12
6,12,4.6286,16.0,1.8654,1247.0,17.12,12
6,12,2.3476,60.0,1.8988,61.83,2.457,12
6,12,3.4886,28.0,1.9897,254.0,3.642,12
6,12,4.6286,20.0,2.092,412.1,5.071,12
6,12,3.4886,36.0,2.2306,78.53,1.714,12
6,12,3.4886,40.0,2.3381,49.73,1.509,12
6,12,4.6286,25.0,2.3777,122.2,1.997,12
6,12,2.3466,20.0,1.4882,2461.0,76.38,12
6,12,3.4886,14.0,1.5705,4618.0,77.4,12
6,12,2.3466,30.0,1.6066,674.0,21.22,12
6,12,4.6286,10.65,1.6148,7324.0,102.3,12
6,12,3.4886,20.0,1.7488,1145.0,15.41,12
6,12,2.3476,45.0,1.7769,160.7,5.261,12
6,12,4.6286,16.0,1.8833,1299.0,17.58,12
6,12,2.3476,60.0,1.9083,62.19,2.478,12
6,12,3.4886,28.0,2.0046,259.8,3.692,12
6,12,4.6286,20.0,2.1084,415.3,5.071,12
6,12,3.4886,36.0,2.2431,80.98,1.734,12
6,12,3.4886,40.0,2.3495,47.73,1.481,12
6,12,4.6286,25.0,2.3923,129.6,2.041,12
6,12,2.3466,20.0,1.5067,2437.0,75.58,12
6,12,3.4886,14.0,1.5897,4588.0,79.8,12
6,12,2.3466,30.0,1.6226,657.4,20.64,12
6,12,4.6286,10.65,1.6344,7306.0,101.5,12
6,12,3.4886,20.0,1.7662,1136.0,15.34,12
6,12,2.3476,45.0,1.7892,167.7,5.534,12
6,12,4.6286,16.0,1.9012,1268.0,17.25,12
6,12,2.3476,60.0,1.9178,61.98,2.486,12
6,12,3.4886,28.0,2.0194,262.6,3.715,12
6,12,4.6286,20.0,2.1249,430.2,5.205,12
6,12,3.4886,36.0,2.2556,82.68,1.759,12
6,12,3.4886,40.0,2.3609,49.99,1.506,12
6,12,4.6286,25.0,2.4069,128.7,2.027,12
6,12,2.3466,20.0,1.5252,2411.0,74.77,12
6,12,3.4886,14.0,1.6089,4516.0,63.35,12
6,12,2.3466,30.0,1.6386,663.6,20.83,12
6,12,4.6286,10.65,1.6541,7109.0,99.27,12
6,12,3.4886,20.0,1.7836,1153.0,15.42,12
6,12,2.3476,45.0,1.8015,167.1,5.417,12
6,12,4.6286,16.0,1.9191,1267.0,17.38,12
6,12,2.3476,60.0,1.9272,65.09,2.602,12
6,12,3.4886,28.0,2.0343,261.2,3.684,12
6,12,4.6286,20.0,2.1413,422.8,5.118,12
6,12,3.4886,36.0,2.268,85.37,1.819,12
6,12,3.4886,40.0,2.3723,52.05,1.525,12
6,12,4.6286,25.0,2.4215,129.6,2.037,12
6,12,2.3466,20.0,1.5437,2389.0,74.05,12
6,12,3.4886,14.0,1.6281,4438.0,58.81,12
6,12,2.3466,30.0,1.6545,665.4,20.87,12
6,12,4.6286,10.65,1.6737,6836.0,96.22,12
6,12,3.4886,20.0,1.801,1163.0,15.52,12
6,12,2.3476,45.0,1.8138,169.8,5.482,12
6,12,4.6286,16.0,1.937,1287.0,18.06,12
6,12,4.6286,16.0,1.937,1299.0,17.41,12
6,12,4.6286,16.0,1.937,1287.0,18.06,12
6,12,4.6286,16.0,1.937,1299.0,17.41,12
6,12,3.4886,28.0,2.0491,264.1,3.718,12
6,12,4.6286,20.0,2.1577,428.1,5.16,12
6,12,3.4886,40.0,2.3837,52.16,1.527,12
6,12,4.6286,25.0,2.436,133.6,2.064,12
6,12,2.3466,20.0,1.5623,2286.0,70.9,12
6,12,3.4886,14.0,1.6473,4381.0,57.79,12
6,12,2.3466,30.0,1.6705,654.8,20.55,12
6,12,4.6286,10.65,1.6934,6920.0,97.23,12
6,12,3.4886,20.0,1.8184,1144.0,15.29,12
6,12,2.3476,45.0,1.8261,172.5,5.567,12
6,12,4.6286,16.0,1.9549,1321.0,19.06,12
6,12,4.6286,16.0,1.9549,1290.0,16.34,12
6,12,4.6286,16.0,1.9549,1321.0,19.06,12
6,12,4.6286,16.0,1.9549,1290.0,16.34,12
6,12,3.4886,28.0,2.064,269.0,3.795,12
6,12,4.6286,20.0,2.1742,430.1,5.156,12
6,12,3.4886,40.0,2.3951,55.19,1.556,12
6,12,4.6286,25.0,2.4506,136.5,2.077,12
6,12,2.3466,20.0,1.5808,2289.0,71.03,12
6,12,3.4886,14.0,1.6665,4306.0,57.03,12
6,12,2.3466,30.0,1.6865,654.3,20.56,12
6,12,4.6286,10.65,1.713,6882.0,96.12,12
6,12,3.4886,20.0,1.8359,1162.0,15.61,12
6,12,2.3476,45.0,1.8384,172.1,5.554,12
6,12,4.6286,16.0,1.9728,1278.0,15.64,12
6,12,3.4886,28.0,2.0788,277.8,4.02,12
6,12,4.6286,20.0,2.1906,434.7,5.16,12
6,12,3.4886,40.0,2.4065,56.56,1.563,12
6,12,4.6286,25.0,2.4652,137.1,2.074,12
6,12,2.3466,20.0,1.5993,2257.0,71.01,12
6,12,3.4886,14.0,1.6857,4092.0,54.45,12
6,12,4.6286,10.65,1.7327,6733.0,95.38,12
6,12,2.3476,45.0,1.8507,173.2,5.588,12
6,12,3.4886,20.0,1.8533,1140.0,15.96,12
6,12,4.6286,16.0,1.9907,1291.0,15.66,12
6,12,4.6286,20.0,2.207,433.9,5.152,12
6,12,3.4886,40.0,2.4179,55.71,1.554,12
6,12,4.6286,25.0,2.4798,143.0,2.116,12
6,12,2.3466,20.0,1.6178,2208.0,68.91,12
6,12,3.4886,14.0,1.7049,4132.0,55.02,12
6,12,2.3476,30.0,1.7187,655.3,20.7,12
6,12,4.6286,10.65,1.7523,6569.0,93.27,12
6,12,2.3476,45.0,1.863,177.9,5.769,12
6,12,4.6286,16.0,2.0086,1264.0,15.47,12
6,12,3.4886,28.0,2.1085,269.3,4.802,12
6,12,4.6286,20.0,2.2234,445.4,5.24,12
6,12,3.4886,40.0,2.4293,58.52,1.586,12
6,12,4.6286,25.0,2.4943,145.5,2.118,12
6,12,2.3466,20.0,1.6363,2172.0,67.8,12
6,12,3.4886,14.0,1.7241,4111.0,54.89,12
6,12,2.3476,30.0,1.7347,650.3,20.53,12
6,12,4.6286,10.65,1.772,6618.0,93.19,12
6,12,2.3476,45.0,1.8753,184.5,5.961,12
6,12,3.4886,20.0,1.8881,1126.0,14.93,12
6,12,4.6286,16.0,2.0265,1295.0,15.65,12
6,12,3.4886,28.0,2.1234,280.0,4.633,12
6,12,4.6286,20.0,2.2399,448.3,5.313,12
6,12,3.4886,40.0,2.4407,60.8,1.645,12
6,12,4.6286,25.0,2.5089,147.6,2.141,12
6,12,2.3466,20.0,1.6549,2168.0,67.66,12
6,12,3.4886,14.0,1.7433,4065.0,54.37,12
6,12,2.3476,30.0,1.7506,650.7,20.54,12
6,12,4.6286,10.65,1.7916,6546.0,93.11,12
6,12,2.3476,45.0,1.8876,180.6,5.826,12
6,12,3.4886,20.0,1.9055,1110.0,14.4,12
6,12,4.6286,16.0,2.0444,1240.0,15.04,12
6,12,3.4886,28.0,2.1382,273.1,4.507,12
6,12,4.6286,20.0,2.2563,452.8,5.485,12
6,12,4.6286,25.0,2.5235,150.7,2.19,12
6,12,2.3466,20.0,1.6734,2096.0,65.37,12
6,12,3.4886,14.0,1.7625,4038.0,54.19,12
6,12,2.3476,30.0,1.7666,646.8,20.42,12
6,12,4.6286,10.65,1.8113,6546.0,93.02,12
6,12,2.3476,45.0,1.8999,184.7,5.965,12
6,12,3.4886,20.0,1.9229,1093.0,14.2,12
6,12,4.6286,16.0,2.0623,1259.0,15.28,12
6,12,3.4886,28.0,2.1531,272.6,4.479,12
6,12,4.6286,20.0,2.2727,460.9,5.748,12
6,12,4.6286,20.0,2.2727,443.1,6.465,12
6,12,4.6286,20.0,2.2727,460.9,5.748,12
6,12,4.6286,20.0,2.2727,443.1,6.465,12
6,12,3.4886,40.0,2.4635,59.33,1.553,12
6,12,4.6286,25.0,2.5381,148.4,2.209,12
6,12,2.3466,20.0,1.6919,2099.0,65.57,12
6,12,3.4886,14.0,1.7817,4059.0,54.21,12
6,12,2.3476,30.0,1.7826,641.5,20.31,12
6,12,4.6286,10.65,1.8309,6405.0,91.33,12
6,12,2.3476,45.0,1.9122,185.6,6.009,12
6,12,3.4886,20.0,1.9403,1088.0,14.08,12
6,12,4.6286,16.0,2.0802,1272.0,15.43,12
6,12,3.4886,28.0,2.1679,271.7,4.45,12
6,12,4.6286,20.0,2.2892,457.1,6.277,12
6,12,3.4886,40.0,2.4749,60.07,1.519,12
6,12,4.6286,25.0,2.5527,154.4,2.334,12
6,12,4.6286,25.0,2.5527,146.8,3.51,12
6,12,4.6286,25.0,2.5527,154.4,2.334,12
6,12,4.6286,25.0,2.5527,146.8,3.51,12
6,12,2.3476,20.0,1.7106,2038.0,63.12,12
6,12,2.3476,30.0,1.7985,656.8,20.47,12
6,12,3.4886,14.0,1.8009,3945.0,53.11,12
6,12,4.6286,10.65,1.8505,6249.0,89.53,12
6,12,2.3476,45.0,1.9245,186.3,6.066,12
6,12,3.4886,20.0,1.9577,1083.0,14.05,12
6,12,4.6286,16.0,2.0981,1246.0,15.03,12
6,12,3.4886,28.0,2.1828,278.9,4.527,12
6,12,4.6286,20.0,2.3056,447.5,6.036,12
6,12,3.4886,40.0,2.4863,62.48,1.537,12
6,12,4.6286,25.0,2.5672,153.0,3.395,12
6,12,2.3476,20.0,1.7291,2038.0,62.97,12
6,12,2.3476,30.0,1.8145,648.9,20.16,12
6,12,3.4886,14.0,1.8201,3931.0,52.8,12
6,12,4.6286,10.65,1.8702,6262.0,89.48,12
6,12,3.4886,20.0,1.9752,1086.0,14.06,12
6,12,4.6286,16.0,2.116,1258.0,15.13,12
6,12,3.4886,28.0,2.1976,281.3,4.549,12
6,12,4.6286,20.0,2.322,447.2,6.016,12
6,12,3.4886,40.0,2.4977,61.78,1.524,12
6,12,4.6286,25.0,2.5818,156.7,3.317,12
6,12,2.3476,20.0,1.7476,1950.0,60.2,12
6,12,2.3476,30.0,1.8305,638.1,19.84,12
6,12,3.4886,14.0,1.8393,3926.0,52.88,12
6,12,4.6286,10.65,1.8898,6196.0,88.71,12
6,12,3.4886,20.0,1.9926,1113.0,14.34,12
6,12,4.6286,16.0,2.1339,1289.0,15.43,12
6,12,3.4886,28.0,2.2125,284.2,4.583,12
6,12,4.6286,20.0,2.3384,462.6,6.125,12
6,12,3.4886,40.0,2.5091,63.14,1.535,12
6,12,4.6286,25.0,2.5964,152.9,3.206,12
6,12,2.3476,20.0,1.7662,1932.0,59.61,12
6,12,2.3476,30.0,1.8464,633.9,19.72,12
6,12,3.4886,14.0,1.8585,3842.0,54.24,12
6,12,4.6286,10.65,1.9095,6179.0,88.7,12
6,12,3.4886,20.0,2.01,1102.0,14.27,12
6,12,4.6286,16.0,2.1518,1262.0,15.11,12
6,12,3.4886,28.0,2.2273,291.3,4.649,12
6,12,4.6286,20.0,2.3549,455.4,5.993,12
6,12,3.4886,40.0,2.5205,66.1,1.559,12
6,12,4.6286,25.0,2.611,159.1,3.29,12
6,12,2.3476,20.0,1.7847,1908.0,58.95,12
6,12,2.3476,30.0,1.8624,635.3,19.84,12
6,12,3.4886,14.0,1.8777,3845.0,51.5,12
6,12,4.6286,10.65,1.9291,6076.0,87.54,12
6,12,3.4886,20.0,2.0274,1091.0,14.1,12
6,12,4.6286,16.0,2.1696,1269.0,15.25,12
6,12,3.4886,28.0,2.2422,287.8,4.597,12
6,12,4.6286,20.0,2.3713,448.9,5.954,12
6,12,3.4886,40.0,2.5319,68.76,1.586,12
6,12,4.6286,25.0,2.6255,156.6,3.233,12
6,12,3.4886,14.0,1.8969,3720.0,48.54,12
6,12,3.4886,20.0,2.0448,1085.0,14.02,12
6,12,4.6286,16.0,2.1875,1218.0,14.8,12
6,12,3.4886,28.0,2.257,286.0,4.599,12
6,12,4.6286,20.0,2.3877,460.1,6.056,12
6,12,3.4886,40.0,2.5433,69.42,1.587,12
6,12,4.6286,25.0,2.6401,152.5,3.189,12
6,12,3.4886,14.0,1.9161,3662.0,47.89,12
6,12,3.4886,20.0,2.0622,1080.0,13.98,12
6,12,4.6286,16.0,2.2054,1251.0,15.03,12
6,12,3.4886,28.0,2.2719,297.6,4.907,12
6,12,4.6286,20.0,2.4042,456.3,5.98,12
6,12,3.4886,40.0,2.5547,68.76,1.579,12
6,12,4.6286,25.0,2.6547,154.3,3.203,12
6,12,3.4886,14.0,1.9352,3545.0,46.44,12
6,12,3.4886,20.0,2.0796,1085.0,14.53,12
6,12,4.6286,16.0,2.2233,1254.0,15.06,12
6,12,4.6286,20.0,2.4206,457.7,6.003,12
6,12,3.4886,40.0,2.5661,70.81,1.6,12
6,12,4.6286,25.0,2.6693,158.3,3.231,12
6,12,3.4886,14.0,1.9544,3479.0,45.73,12
6,12,4.6286,16.0,2.2412,1242.0,15.05,12
6,12,4.6286,20.0,2.437,464.3,6.062,12
6,12,3.4886,40.0,2.5775,72.66,1.655,12
6,12,4.6286,25.0,2.6839,161.6,3.258,12
6,12,3.4886,14.0,1.9736,3556.0,46.6,12
6,12,4.6286,16.0,2.2591,1273.0,15.87,12
6,12,4.6286,20.0,2.4534,468.3,6.102,12
6,12,4.6286,25.0,2.6984,168.8,3.355,12
6,12,3.4886,14.0,1.9928,3461.0,45.62,12
6,12,4.6286,16.0,2.277,1247.0,16.39,12
6,12,4.6286,20.0,2.4699,469.6,6.072,12
6,12,4.6286,25.0,2.713,167.1,3.326,12
6,12,3.4886,14.0,2.012,3463.0,45.7,12
6,12,4.6286,20.0,2.4863,459.6,5.977,12
6,12,4.6286,25.0,2.7276,164.9,3.284,12
6,12,3.4886,14.0,2.0312,3440.0,45.38,12
6,12,4.6286,20.0,2.5027,464.6,6.033,12
6,12,4.6286,25.0,2.7422,168.0,3.299,12
6,12,3.4886,14.0,2.0504,3360.0,44.39,12
6,12,4.6286,20.0,2.5191,464.2,6.083,12
6,12,4.6286,25.0,2.7567,174.1,3.382,12
6,12,3.4886,14.0,2.0696,3373.0,44.64,12
6,12,4.6286,20.0,2.5356,467.5,6.217,12
6,12,4.6286,25.0,2.7713,176.1,3.435,12
6,12,3.4886,14.0,2.0888,3364.0,47.21,12
6,12,4.6286,20.0,2.552,468.9,6.548,12
6,12,4.6286,25.0,2.7859,177.7,3.556,12
6,12,4.6286,25.0,2.8005,177.2,3.714,12
