qv,q2,ex,nu,RTTOT,RLTOT,RTQE,RLQE,RTIE,RLIE,RTE,RLE,RTNS,RLNS
0.1,0.01,-0.0003,0.00015,1.0153472e-09,2.8261946e-09,0.0,0.0,0.0,0.0,0.0,0.0,1.0153472e-09,2.8261946e-09
0.1,0.01,-0.00015,0.0003,1.1415532e-09,3.1639764e-09,0.0,0.0,0.0,0.0,0.0,0.0,1.1415532e-09,3.1639764e-09
0.1,0.01,0.0,0.00045,1.2827375e-09,3.5406802e-09,0.0,0.0,0.0,0.0,0.0,0.0,1.2827375e-09,3.5406802e-09
0.1,0.01,0.00015,0.0006,1.4405871e-09,3.9605972e-09,0.0,0.0,0.0,0.0,0.0,0.0,1.4405871e-09,3.9605972e-09
0.1,0.01,0.0003,0.00075,1.6169676e-09,4.4284677e-09,0.0,0.0,0.0,0.0,0.0,0.0,1.6169676e-09,4.4284677e-09
0.1,0.01,0.00045,0.0009,1.8139409e-09,4.9495252e-09,0.0,0.0,0.0,0.0,0.0,0.0,1.8139409e-09,4.9495252e-09
0.1,0.01,0.0006,0.00105,2.0337848e-09,5.5295457e-09,0.0,0.0,0.0,0.0,0.0,0.0,2.0337848e-09,5.5295457e-09
0.1,0.01,0.00075,0.0012,2.2790135e-09,6.1748997e-09,0.0,0.0,0.0,0.0,0.0,0.0,2.2790135e-09,6.1748997e-09
0.1,0.01,0.0009,0.00135,2.5524005e-09,6.8926109e-09,0.0,0.0,0.0,0.0,0.0,0.0,2.5524005e-09,6.8926109e-09
0.1,0.01,0.00105,0.0015,2.8570034e-09,7.6904195e-09,0.0,0.0,0.0,0.0,0.0,0.0,2.8570034e-09,7.6904195e-09
0.1,0.01,0.0012,0.00165,3.1961907e-09,8.5768517e-09,0.0,0.0,0.0,0.0,0.0,0.0,3.1961907e-09,8.5768517e-09
0.1,0.01,0.00135,0.0018,3.5736713e-09,9.5612955e-09,0.0,0.0,0.0,0.0,0.0,0.0,3.5736713e-09,9.5612955e-09
0.1,0.01,0.0015,0.00195,3.9935259e-09,1.0654084e-08,0.0,0.0,0.0,0.0,0.0,0.0,3.9935259e-09,1.0654084e-08
0.1,0.01,0.00165,0.0021,4.4602415e-09,1.1866589e-08,0.0,0.0,0.0,0.0,0.0,0.0,4.4602415e-09,1.1866589e-08
0.1,0.00999,0.0018,0.00225,4.9787488e-09,1.3211316e-08,0.0,0.0,0.0,0.0,0.0,0.0,4.9787488e-09,1.3211316e-08
0.1,0.00999,0.00195,0.0024,5.554462e-09,1.4702045e-08,0.0,0.0,0.0,0.0,0.0,0.0,5.554462e-09,1.4702045e-08
0.1,0.00999,0.0021,0.00255,6.1933231e-09,1.635441e-08,0.0,0.0,0.0,0.0,0.0,0.0,6.1933231e-09,1.635441e-08
0.1,0.00999,0.00225,0.0027,6.9018482e-09,1.8194437e-08,0.0,0.0,0.0,0.0,0.0,0.0,6.9018482e-09,1.8194437e-08
0.1,0.00999,0.0024,0.00285,7.6871791e-09,2.0381478e-08,0.0,0.0,0.0,0.0,0.0,0.0,7.6871791e-09,2.0381478e-08
0.1,0.00999,0.00255,0.003,8.5571375e-09,2.4662629e-08,0.0,0.0,0.0,0.0,0.0,0.0,8.5571375e-09,2.4662629e-08
0.1,0.00999,0.0027,0.00315,9.5202847e-09,4.8260024e-08,0.0,0.0,0.0,0.0,0.0,0.0,9.5202847e-09,4.8260024e-08
0.1,0.00999,0.00285,0.0033,1.0585985e-08,2.3011567e-07,0.0,0.0,0.0,0.0,0.0,0.0,1.0585985e-08,2.3011567e-07
0.1,0.00999,0.003,0.00345,1.1764473e-08,1.4760874e-06,0.0,0.0,0.0,0.0,0.0,0.0,1.1764473e-08,1.4760874e-06
0.1,0.00999,0.00315,0.0036,1.306693e-08,8.5247984e-06,0.0,0.0,0.0,0.0,0.0,0.0,1.306693e-08,8.5247984e-06
0.1,0.00999,0.0033,0.00375,1.4505562e-08,4.1075883e-05,0.0,0.0,0.0,0.0,0.0,0.0,1.4505562e-08,4.1075883e-05
0.1,0.00998,0.00345,0.0039,1.6093682e-08,0.00016323614,0.0,0.0,0.0,0.0,0.0,0.0,1.6093682e-08,0.00016323614
0.1,0.00998,0.0036,0.00405,1.7845805e-08,0.00053398903,0.0,0.0,0.0,0.0,0.0,0.0,1.7845805e-08,0.00053398903
0.1,0.00998,0.00375,0.0042,1.9777744e-08,0.0014373701,0.0,0.0,0.0,0.0,0.0,0.0,1.9777744e-08,0.0014373701
0.1,0.00998,0.0039,0.00435,2.1906712e-08,0.0031833526,0.0,0.0,0.0,0.0,0.0,0.0,2.1906712e-08,0.0031833526
0.1,0.00998,0.00405,0.0045,2.4251441e-08,0.0058005289,0.0,0.0,0.0,0.0,0.0,0.0,2.4251441e-08,0.0058005289
0.1,0.00998,0.0042,0.00465,2.6832291e-08,0.008695826,0.0,0.0,0.0,0.0,0.0,0.0,2.6832291e-08,0.008695826
0.1,0.00998,0.00435,0.0048,2.9671387e-08,0.010725317,0.0,0.0,0.0,0.0,0.0,0.0,2.9671387e-08,0.010725317
0.1,0.00998,0.0045,0.00495,3.279275e-08,0.010883331,0.0,0.0,0.0,0.0,0.0,0.0,3.279275e-08,0.010883331
0.1,0.00997,0.00465,0.0051,3.6222444e-08,0.0090857909,0.0,0.0,0.0,0.0,0.0,0.0,3.6222444e-08,0.0090857909
0.1,0.00997,0.0048,0.00525,3.998873e-08,0.0062403682,0.0,0.0,0.0,0.0,0.0,0.0,3.998873e-08,0.0062403682
0.1,0.00997,0.00495,0.0054,4.4122229e-08,0.0035261714,0.0,0.0,0.0,0.0,0.0,0.0,4.4122229e-08,0.0035261714
0.1,0.00997,0.0051,0.00555,4.8656101e-08,0.0016392582,0.0,0.0,0.0,0.0,0.0,0.0,4.8656101e-08,0.0016392582
0.1,0.00997,0.00525,0.0057,5.3626228e-08,0.00062700386,0.0,0.0,0.0,0.0,0.0,0.0,5.3626228e-08,0.00062700386
0.1,0.00997,0.0054,0.00585,5.9071414e-08,0.00019738109,0.0,0.0,0.0,0.0,0.0,0.0,5.9071414e-08,0.00019738109
0.1,0.00996,0.00555,0.006,6.5033591e-08,5.1220334e-05,0.0,0.0,0.0,0.0,0.0,0.0,6.5033591e-08,5.1220334e-05
0.1,0.00996,0.0057,0.00615,7.155805e-08,1.1060563e-05,0.0,0.0,0.0,0.0,0.0,0.0,7.155805e-08,1.1060563e-05
0.1,0.00996,0.00585,0.0063,7.8693668e-08,2.1203109e-06,0.0,0.0,0.0,0.0,0.0,0.0,7.8693668e-08,2.1203109e-06
0.1,0.00996,0.006,0.00645,8.6493168e-08,5.6196929e-07,0.0,0.0,0.0,0.0,0.0,0.0,8.6493168e-08,5.6196929e-07
0.1,0.00996,0.00615,0.0066,9.5013383e-08,7.1267754e-07,0.0,0.0,0.0,0.0,0.0,0.0,9.5013383e-08,7.1267754e-07
0.1,0.00995,0.0063,0.00675,1.0431554e-07,2.9680448e-06,0.0,0.0,0.0,0.0,0.0,0.0,1.0431554e-07,2.9680448e-06
0.1,0.00995,0.00645,0.0069,1.1446555e-07,1.4297609e-05,0.0,0.0,0.0,0.0,0.0,0.0,1.1446555e-07,1.4297609e-05
0.1,0.00995,0.0066,0.00705,1.2553436e-07,6.0365693e-05,0.0,0.0,0.0,0.0,0.0,0.0,1.2553436e-07,6.0365693e-05
0.1,0.00995,0.00676,0.0072,1.3759827e-07,0.00021232432,0.0,0.0,0.0,0.0,0.0,0.0,1.3759827e-07,0.00021232432
0.1,0.00995,0.00691,0.00735,1.5073929e-07,0.00061613032,0.0,0.0,0.0,0.0,0.0,0.0,1.5073929e-07,0.00061613032
0.1,0.00994,0.00706,0.0075,1.6504557e-07,0.0014719482,0.0,0.0,0.0,0.0,0.0,0.0,1.6504557e-07,0.0014719482
0.1,0.00994,0.00721,0.00765,1.8061178e-07,0.0028935341,0.0,0.0,0.0,0.0,0.0,0.0,1.8061178e-07,0.0028935341
0.1,0.00994,0.00736,0.0078,1.9753959e-07,0.0046796408,0.0,0.0,0.0,0.0,0.0,0.0,1.9753959e-07,0.0046796408
0.1,0.00994,0.00751,0.00795,2.1593817e-07,0.006226161,0.0,0.0,0.0,0.0,0.0,0.0,2.1593817e-07,0.006226161
0.1,0.00993,0.00766,0.0081,2.3592468e-07,0.0068146338,0.0,0.0,0.0,0.0,0.0,0.0,2.3592468e-07,0.0068146338
0.1,0.00993,0.00781,0.00825,2.5762492e-07,0.006135872,0.0,0.0,0.0,0.0,0.0,0.0,2.5762492e-07,0.006135872
0.1,0.00993,0.00796,0.0084,2.8117393e-07,0.0045449272,0.0,0.0,0.0,0.0,0.0,0.0,2.8117393e-07,0.0045449272
0.1,0.00993,0.00811,0.00855,3.0671674e-07,0.0027696464,0.0,0.0,0.0,0.0,0.0,0.0,3.0671674e-07,0.0027696464
0.1,0.00992,0.00826,0.0087,3.3440913e-07,0.0013891402,0.0,0.0,0.0,0.0,0.0,0.0,3.3440913e-07,0.0013891402
0.1,0.00992,0.00841,0.00885,3.6441858e-07,0.00057554906,0.0,0.0,0.0,0.0,0.0,0.0,3.6441858e-07,0.00057554906
0.1,0.00992,0.00856,0.009,3.9692526e-07,0.0002052557,0.0,0.0,0.0,0.0,0.0,0.0,3.9692526e-07,0.0002052557
0.1,0.00992,0.00871,0.00915,4.3212323e-07,9.2049114e-05,0.0,0.0,0.0,0.0,0.0,0.0,4.3212323e-07,9.2049114e-05
0.1,0.00991,0.00886,0.0093,4.7022171e-07,0.00012506458,0.0,0.0,0.0,0.0,0.0,0.0,4.7022171e-07,0.00012506458
0.1,0.00991,0.00901,0.00945,5.114467e-07,0.00028282364,0.0,0.0,0.0,0.0,0.0,0.0,5.114467e-07,0.00028282364
0.1,0.00991,0.00916,0.0096,5.5604273e-07,0.00057820248,0.0,0.0,0.0,0.0,0.0,0.0,5.5604273e-07,0.00057820248
0.1,0.0099,0.00931,0.00975,6.0427494e-07,0.00098132405,0.0,0.0,0.0,0.0,0.0,0.0,6.0427494e-07,0.00098132405
0.1,0.0099,0.00946,0.0099,6.5643154e-07,0.0013719924,0.0,0.0,0.0,0.0,0.0,0.0,6.5643154e-07,0.0013719924
0.1,0.0099,0.00961,0.01005,7.1282667e-07,0.0015789609,0.0,0.0,0.0,0.0,0.0,0.0,7.1282667e-07,0.0015789609
0.1,0.0099,0.00976,0.0102,7.7380374e-07,0.0014965678,0.0,0.0,0.0,0.0,0.0,0.0,7.7380374e-07,0.0014965678
0.1,0.00989,0.00991,0.01035,8.3973941e-07,0.0011717644,0.0,0.0,0.0,0.0,0.0,0.0,8.3973941e-07,0.0011717644
0.1,0.00989,0.01006,0.0105,9.1104827e-07,0.00076827896,0.0,0.0,0.0,0.0,0.0,0.0,9.1104827e-07,0.00076827896
0.1,0.00989,0.01021,0.01065,9.8818824e-07,0.00044684032,0.0,0.0,0.0,0.0,0.0,0.0,9.8818824e-07,0.00044684032
0.1,0.00988,0.01036,0.0108,1.0716671e-06,0.00027807082,0.0,0.0,0.0,0.0,0.0,0.0,1.0716671e-06,0.00027807082
0.1,0.00988,0.01051,0.01095,1.1620502e-06,0.00024086106,0.0,0.0,0.0,0.0,0.0,0.0,1.1620502e-06,0.00024086106
0.1,0.00988,0.01066,0.0111,1.2599689e-06,0.00026862323,0.0,0.0,0.0,0.0,0.0,0.0,1.2599689e-06,0.00026862323
0.1,0.00987,0.01081,0.01125,1.3661316e-06,0.00029506209,0.0,0.0,0.0,0.0,0.0,0.0,1.3661316e-06,0.00029506209
0.1,0.00987,0.01096,0.0114,1.4813354e-06,0.00028329319,0.0,0.0,0.0,0.0,0.0,0.0,1.4813354e-06,0.00028329319
0.1,0.00987,0.01111,0.01155,1.6064806e-06,0.0002347042,0.0,0.0,0.0,0.0,0.0,0.0,1.6064806e-06,0.0002347042
0.1,0.00986,0.01126,0.0117,1.7425871e-06,0.00017561778,0.0,0.0,0.0,0.0,0.0,0.0,1.7425871e-06,0.00017561778
0.1,0.00986,0.01141,0.01185,1.8908132e-06,0.00013302684,0.0,0.0,0.0,0.0,0.0,0.0,1.8908132e-06,0.00013302684
0.1,0.00986,0.01156,0.012,2.0524777e-06,0.00011911317,0.0,0.0,0.0,0.0,0.0,0.0,2.0524777e-06,0.00011911317
0.1,0.00985,0.01171,0.01215,2.2290853e-06,0.00013219384,0.0,0.0,0.0,0.0,0.0,0.0,2.2290853e-06,0.00013219384
0.1,0.00985,0.01186,0.0123,2.4223552e-06,0.00016557305,0.0,0.0,0.0,0.0,0.0,0.0,2.4223552e-06,0.00016557305
0.1,0.00984,0.01201,0.01245,1.5805522e-05,0.0012834457,0.0,0.0,0.0,0.0,0.0,0.0,1.5805522e-05,0.0012834457
0.1,0.00984,0.01216,0.0126,1.7202192e-05,0.0016468816,0.0,0.0,0.0,0.0,0.0,0.0,1.7202192e-05,0.0016468816
0.1,0.00984,0.01231,0.01275,1.8739606e-05,0.0020756587,0.0,0.0,0.0,0.0,0.0,0.0,1.8739606e-05,0.0020756587
0.1,0.00983,0.01246,0.0129,2.0435471e-05,0.002561741,0.0,0.0,0.0,0.0,0.0,0.0,2.0435471e-05,0.002561741
0.1,0.00983,0.01261,0.01305,2.231005e-05,0.0030927378,0.0,0.0,0.0,0.0,0.0,0.0,2.231005e-05,0.0030927378
0.1,0.00983,0.01276,0.0132,2.4386516e-05,0.0036505055,0.0,0.0,0.0,0.0,0.0,0.0,2.4386516e-05,0.0036505055
0.1,0.00982,0.01291,0.01335,2.6691339e-05,0.0042115107,0.0,0.0,0.0,0.0,0.0,0.0,2.6691339e-05,0.0042115107
0.1,0.00982,0.01306,0.0135,2.925482e-05,0.0047483353,0.0,0.0,0.0,0.0,0.0,0.0,2.925482e-05,0.0047483353
0.1,0.00981,0.01321,0.01365,3.2112781e-05,0.0052320283,0.0,0.0,0.0,0.0,0.0,0.0,3.2112781e-05,0.0052320283
0.1,0.00981,0.01336,0.0138,3.5318915e-05,0.0056350237,0.0,0.0,0.0,0.0,0.0,0.0,3.5318915e-05,0.0056350237
0.1,0.00981,0.01351,0.01395,3.90364e-05,0.0059343753,0.0,0.0,0.0,0.0,0.0,0.0,3.90364e-05,0.0059343753
0.1,0.0098,0.01366,0.0141,4.4094171e-05,0.0061156441,0.0,0.0,0.0,0.0,0.0,0.0,4.4094171e-05,0.0061156441
0.1,0.0098,0.01381,0.01425,5.463989e-05,0.0061803536,0.0,0.0,0.0,0.0,0.0,0.0,5.463989e-05,0.0061803536
0.1,0.00979,0.01396,0.0144,8.7809828e-05,0.0061667873,0.0,0.0,0.0,0.0,0.0,0.0,8.7809828e-05,0.0061667873
0.1,0.00979,0.01411,0.01455,0.00019943014,0.0062024955,0.0,0.0,0.0,0.0,0.0,0.0,0.00019943014,0.0062024955
0.1,0.00978,0.01426,0.0147,0.00052831839,0.0065938425,0.0,0.0,0.0,0.0,0.0,0.0,0.00052831839,0.0065938425
0.1,0.00978,0.01441,0.01485,0.0013232985,0.0078791284,0.0,0.0,0.0,0.0,0.0,0.0,0.0013232985,0.0078791284
0.1,0.00977,0.01456,0.015,0.0028573139,0.010649364,0.0,0.0,0.0,0.0,0.0,0.0,0.0028573139,0.010649364
0.1,0.00977,0.01471,0.01515,0.0051586281,0.014994091,0.0,0.0,0.0,0.0,0.0,0.0,0.0051586281,0.014994091
0.1,0.00977,0.01486,0.0153,0.0077129615,0.019891866,0.0,0.0,0.0,0.0,0.0,0.0,0.0077129615,0.019891866
0.1,0.00976,0.01501,0.01545,0.0095307153,0.023363568,0.0,0.0,0.0,0.0,0.0,0.0,0.0095307153,0.023363568
0.1,0.00976,0.01516,0.0156,0.0097688049,0.023789182,0.0,0.0,0.0,0.0,0.0,0.0,0.0097688049,0.023789182
0.1,0.00975,0.01531,0.01575,0.0084444997,0.02142984,0.0,0.0,0.0,0.0,0.0,0.0,0.0084444997,0.02142984
0.1,0.00975,0.01546,0.0159,0.006499689,0.018560968,0.0,0.0,0.0,0.0,0.0,0.0,0.006499689,0.018560968
0.1,0.00974,0.01561,0.01605,0.0050912878,0.017832101,0.0,0.0,0.0,0.0,0.0,0.0,0.0050912878,0.017832101
0.1,0.00974,0.01576,0.0162,0.0047652211,0.020184029,0.0,0.0,0.0,0.0,0.0,0.0,0.0047652211,0.020184029
0.1,0.00973,0.01591,0.01635,0.0051949158,0.024036794,0.0,0.0,0.0,0.0,0.0,0.0,0.0051949158,0.024036794
0.1,0.00973,0.01606,0.0165,0.00558362,0.026436588,0.0,0.0,0.0,0.0,0.0,0.0,0.00558362,0.026436588
0.1,0.00972,0.01622,0.01665,0.0053210665,0.025305778,0.0,0.0,0.0,0.0,0.0,0.0,0.0053210665,0.025305778
0.1,0.00972,0.01637,0.0168,0.004366793,0.020915928,0.0,0.0,0.0,0.0,0.0,0.0,0.004366793,0.020915928
0.1,0.00971,0.01652,0.01695,0.003137181,0.015372311,1.4123076e-05,1.6183232e-05,0.0,0.0,3.0547649e-07,0.0,0.0031227525,0.015356127
0.1,0.00971,0.01667,0.0171,0.0020911961,0.010821628,6.149807e-05,7.0673147e-05,0.0,0.0,1.0367477e-06,0.0,0.0020286613,0.010750955
0.1,0.0097,0.01682,0.01725,0.0014020509,0.0081370371,0.00010765634,0.00012408137,0.0,0.0,1.5338438e-06,0.0,0.0012928607,0.0080129558
0.1,0.0097,0.01697,0.0174,0.0010696451,0.0070888208,0.00015828539,0.00018297806,0.0,0.0,2.0008188e-06,0.0,0.00090935889,0.0069058427
0.1,0.00969,0.01712,0.01755,0.0010251641,0.0070235839,0.00021345703,0.00024750109,0.0,0.0,2.4713784e-06,0.0,0.0008092357,0.0067760828
0.1,0.00969,0.01727,0.0177,0.0012467671,0.0074161793,0.0002728784,0.00031736695,0.0,0.0,2.9584115e-06,0.0,0.00097093031,0.0070988124
0.1,0.00968,0.01742,0.01785,0.0017775914,0.0080027849,0.00033622451,0.00039225213,0.0,0.0,3.4681648e-06,0.0,0.0014378987,0.0076105328
0.1,0.00968,0.01757,0.018,0.0026633668,0.0087022012,0.00040319191,0.00047185523,0.0,0.0,4.004008e-06,0.0,0.0022561709,0.0082303459
0.1,0.00967,0.01772,0.01815,0.0038403577,0.0095150429,0.00047350622,0.00055590612,0.0,0.0,4.567836e-06,0.0,0.0033622837,0.0089591367
0.1,0.00967,0.01787,0.0183,0.0050543297,0.010448843,0.00054692006,0.00064416378,0.0,0.0,5.1607001e-06,0.0,0.004502249,0.0098046797
0.1,0.00966,0.01802,0.01845,0.0059216116,0.011463603,0.00062320912,0.00073641218,0.0,0.0,5.7831313e-06,0.0,0.0052926193,0.01072719
0.1,0.00965,0.01817,0.0186,0.0061471202,0.012457,0.00070216842,0.00083245605,0.0,0.0,6.4353208e-06,0.0,0.0054385164,0.011624544
0.1,0.00965,0.01832,0.01875,0.0057415567,0.01331487,0.00078360912,0.00093211747,0.0,0.0,7.1172282e-06,0.0,0.0049508304,0.012382752
0.1,0.00964,0.01847,0.0189,0.0050408047,0.013994844,0.00086735591,0.0010352329,0.0,0.0,7.8286497e-06,0.0,0.0041656201,0.012959611
0.1,0.00964,0.01862,0.01905,0.0045070731,0.014560353,0.00095324493,0.0011416511,0.0,0.0,8.5692635e-06,0.0,0.0035452589,0.013418702
0.1,0.00963,0.01877,0.0192,0.0044824446,0.015127861,0.0010411221,0.0012512307,0.0,0.0,9.3386605e-06,0.0,0.0034319839,0.01387663
0.1,0.00963,0.01892,0.01935,0.0050579844,0.015784921,0.0011308416,0.0013638393,0.0,0.0,1.0136366e-05,0.0,0.0039170064,0.014421082
0.1,0.00962,0.01907,0.0195,0.0060781836,0.016555588,0.0012222649,0.001479352,0.0,0.0,1.0961857e-05,0.0,0.0048449568,0.015076236
0.1,0.00961,0.01922,0.01965,0.0072204477,0.017422433,0.0013152599,0.0015976499,0.0,0.0,1.1814569e-05,0.0,0.0058933733,0.015824783
0.1,0.00961,0.01937,0.0198,0.0081141549,0.01836081,0.0014096998,0.00171862,0.0,0.0,1.2693912e-05,0.0,0.0066917612,0.01664219
0.1,0.0096,0.01952,0.01995,0.0084836302,0.019351023,0.0015054628,0.001842154,0.0,0.0,1.3599271e-05,0.0,0.0069645681,0.017508869
0.1,0.0096,0.01967,0.0201,0.0082639361,0.020369907,0.0016024314,0.0019681476,0.0,0.0,1.4530015e-05,0.0,0.0066469746,0.01840176
0.1,0.00959,0.01982,0.02025,0.0076176812,0.0213825,0.0017004921,0.0020965004,0.0,0.0,1.5485498e-05,0.0,0.0059017036,0.019285999
0.1,0.00958,0.01997,0.0204,0.0068349564,0.022349535,0.0017995347,0.0022271149,0.0,0.0,1.6465066e-05,0.0,0.0050189567,0.02012242
0.1,0.00958,0.02012,0.02055,0.0061828457,0.023247501,0.0018994521,0.0023598966,0.0,0.0,1.7468056e-05,0.0,0.0042659255,0.020887604
0.1,0.00957,0.02027,0.0207,0.0057997279,0.024082353,0.0020001403,0.0024947534,0.0,0.0,1.8493802e-05,0.0,0.0037810938,0.021587599
0.1,0.00957,0.02042,0.02085,0.0056823637,0.024882569,0.0021014975,0.0026315952,0.0,0.0,1.9541633e-05,0.0,0.0035613246,0.022250973
0.1,0.00956,0.02057,0.021,0.0057448564,0.025677851,0.0022034245,0.0027703339,0.0,0.0,2.0610877e-05,0.0,0.0035208211,0.022907517
0.1,0.00955,0.02072,0.02115,0.0058936126,0.026482282,0.0023058242,0.0029108828,0.0,0.0,2.170086e-05,0.0,0.0035660876,0.023571399
0.1,0.00955,0.02087,0.0213,0.0060722833,0.027292578,0.0024086014,0.0030531569,0.0,0.0,2.281091e-05,0.0,0.003640871,0.024239421
0.1,0.00954,0.02102,0.02145,0.0062645747,0.028096598,0.0025116628,0.0031970721,0.0,0.0,2.3940356e-05,0.0,0.0037289716,0.024899525
0.1,0.00953,0.02117,0.0216,0.006473116,0.028881894,0.0026149166,0.0033425455,0.0,0.0,2.5088529e-05,0.0,0.0038331109,0.025539349
0.1,0.00953,0.02132,0.02175,0.006699988,0.029639371,0.0027182728,0.0034894947,0.0,0.0,2.6254763e-05,0.0,0.0039554604,0.026149877
0.1,0.00952,0.02147,0.0219,0.0069407298,0.030363118,0.0028216426,0.0036378383,0.0,0.0,2.7438394e-05,0.0,0.0040916488,0.026725279
0.1,0.00951,0.02162,0.02205,0.0071876538,0.031049096,0.0029249385,0.0037874953,0.0,0.0,2.8638763e-05,0.0,0.0042340765,0.0272616
0.1,0.00951,0.02177,0.0222,0.0074340745,0.031694156,0.0030280746,0.0039383852,0.0,0.0,2.9855216e-05,0.0,0.0043761447,0.027755771
0.1,0.0095,0.02193,0.02235,0.0076757499,0.03229558,0.0031309656,0.0040904275,0.0,0.0,3.1087101e-05,0.0,0.0045136972,0.028205153
0.1,0.00949,0.02208,0.0225,0.0079103199,0.032850938,0.0032335278,0.0042435421,0.0,0.0,3.2333773e-05,0.0,0.0046444584,0.028607396
0.1,0.00949,0.02223,0.02265,0.0081363815,0.033358063,0.0033356782,0.0043976488,0.0,0.0,3.3594592e-05,0.0,0.0047671088,0.028960414
0.1,0.00948,0.02238,0.0228,0.008352917,0.033815061,0.0034373348,0.0045526675,0.0,0.0,3.4868923e-05,0.0,0.0048807133,0.029262393
0.1,0.00947,0.02253,0.02295,0.0085590636,0.034220329,0.0035384168,0.0047085178,0.0,0.0,3.6156135e-05,0.0,0.0049844907,0.029511811
0.1,0.00947,0.02268,0.0231,0.0087540497,0.034572567,0.0036388438,0.0048651192,0.0,0.0,3.7455606e-05,0.0,0.0050777502,0.029707448
0.1,0.00946,0.02283,0.02325,0.0089371862,0.034870792,0.0037385368,0.0050223907,0.0,0.0,3.8766718e-05,0.0,0.0051598827,0.029848401
0.1,0.00945,0.02298,0.0234,0.0091078717,0.035114341,0.0038374172,0.0051802513,0.0,0.0,4.0088859e-05,0.0,0.0052303656,0.02993409
0.1,0.00945,0.02313,0.02355,0.0092655982,0.035302885,0.0039354075,0.0053386192,0.0,0.0,4.1421425e-05,0.0,0.0052887693,0.029964266
0.1,0.00944,0.02328,0.0237,0.0094099574,0.035436423,0.0040324307,0.0054974124,0.0,0.0,4.2763816e-05,0.0,0.0053347628,0.029939011
0.1,0.00943,0.02343,0.02385,0.0095406445,0.035515286,0.004128411,0.0056565483,0.0,0.0,4.4115439e-05,0.0,0.0053681181,0.029858738
0.1,0.00942,0.02358,0.024,0.0096574618,0.035540131,0.0042232732,0.0058159436,0.0,0.0,4.547571e-05,0.0,0.005388713,0.029724187
0.1,0.00942,0.02373,0.02415,0.0097603197,0.035511932,0.0043169428,0.0059755148,0.0,0.0,4.6844049e-05,0.0,0.0053965328,0.029536417
0.1,0.00941,0.02388,0.0243,0.0098492367,0.035431971,0.0044093465,0.0061351775,0.0,0.0,4.8219884e-05,0.0,0.0053916703,0.029296794
0.1,0.0094,0.02403,0.02445,0.0099243384,0.035301825,0.0045004116,0.006294847,0.0,0.0,4.9602649e-05,0.0,0.0053743241,0.029006978
0.1,0.00939,0.02418,0.0246,0.0099858541,0.035123348,0.0045900665,0.0064544379,0.0,0.0,5.0991786e-05,0.0,0.0053447958,0.02866891
0.1,0.00939,0.02433,0.02475,0.010034113,0.034898652,0.0046782405,0.0066138642,0.0,0.0,5.2386743e-05,0.0,0.0053034854,0.028284788
0.1,0.00938,0.02448,0.0249,0.010069537,0.034630085,0.0047648639,0.0067730395,0.0,0.0,5.3786976e-05,0.0,0.005250886,0.027857046
0.1,0.00937,0.02463,0.02505,0.010092636,0.034320211,0.0048498682,0.006931877,0.0,0.0,5.5191946e-05,0.0,0.0051875763,0.027388334
0.1,0.00936,0.02478,0.0252,0.010104,0.03397178,0.0049331859,0.0070902894,0.0,0.0,5.6601123e-05,0.0,0.0051142129,0.026881491
0.1,0.00936,0.02493,0.02535,0.010104286,0.033587708,0.005014751,0.0072481891,0.0,0.0,5.8013983e-05,0.0,0.0050315215,0.026339519
0.1,0.00935,0.02508,0.0255,0.010069289,0.033135227,0.0050698597,0.0073696729,0.0,0.0,5.9142588e-05,0.0,0.0049402868,0.025765554
0.1,0.00934,0.02523,0.02565,0.010004224,0.032623308,0.0051028506,0.0074604678,0.0,0.0,6.003092e-05,0.0,0.0048413425,0.02516284
0.1,0.00933,0.02538,0.0258,0.0099302229,0.0320842,0.005133752,0.0075495004,0.0,0.0,6.09106e-05,0.0,0.0047355603,0.024534699
0.1,0.00933,0.02553,0.02595,0.009848176,0.031521239,0.0051625553,0.0076367349,0.0,0.0,6.1781446e-05,0.0,0.0046238393,0.023884504
0.1,0.00932,0.02568,0.0261,0.0097589908,0.030937784,0.0051892531,0.0077221364,0.0,0.0,6.2643281e-05,0.0,0.0045070945,0.023215647
0.1,0.00931,0.02583,0.02625,0.0096635818,0.030337188,0.0052138393,0.0078056704,0.0,0.0,6.3495938e-05,0.0,0.0043862466,0.022531518
0.1,0.0093,0.02598,0.0264,0.0095628593,0.029722774,0.005236309,0.0078873031,0.0,0.0,6.4339256e-05,0.0,0.004262211,0.021835471
0.1,0.0093,0.02613,0.02655,0.0094577202,0.029097806,0.0052566589,0.0079670016,0.0,0.0,6.517308e-05,0.0,0.0041358883,0.021130805
0.1,0.00929,0.02628,0.0267,0.0093490382,0.028465469,0.0052748868,0.0080447339,0.0,0.0,6.5997264e-05,0.0,0.0040081541,0.020420735
0.1,0.00928,0.02643,0.02685,0.0092376553,0.027828843,0.0052909923,0.008120469,0.0,0.0,6.6811667e-05,0.0,0.0038798514,0.019708374
0.1,0.00927,0.02659,0.027,0.0091243743,0.027190888,0.0053049764,0.008194177,0.0,0.0,6.7616155e-05,0.0,0.0037517818,0.018996711
0.1,0.00926,0.02674,0.02715,0.0090099518,0.026554421,0.0053168416,0.0082658293,0.0,0.0,6.8410599e-05,0.0,0.0036246996,0.018288592
0.1,0.00925,0.02689,0.0273,0.0088950923,0.025922102,0.0053265924,0.0083353986,0.0,0.0,6.9194879e-05,0.0,0.003499305,0.017586703
0.1,0.00925,0.02704,0.02745,0.0087804439,0.025296422,0.0053342345,0.0084028592,0.0,0.0,6.9968878e-05,0.0,0.0033762404,0.016893563
0.1,0.00924,0.02719,0.0276,0.0086665942,0.024679689,0.0053397758,0.0084681869,0.0,0.0,7.0732487e-05,0.0,0.0032560859,0.016211502
0.1,0.00923,0.02734,0.02775,0.008554068,0.024074021,0.0053432256,0.008531359,0.0,0.0,7.1485601e-05,0.0,0.0031393568,0.015542662
0.1,0.00922,0.02749,0.0279,0.0084433256,0.023481338,0.0053445952,0.0085923547,0.0,0.0,7.222812e-05,0.0,0.0030265023,0.014888983
0.1,0.00921,0.02764,0.02805,0.0083347623,0.022903358,0.0053438976,0.0086511551,0.0,0.0,7.2959953e-05,0.0,0.0029179047,0.014252203
0.1,0.0092,0.02779,0.0282,0.0082287084,0.022341596,0.0053411476,0.008707743,0.0,0.0,7.368101e-05,0.0,0.0028138797,0.013633853
0.1,0.0092,0.02794,0.02835,0.0081254311,0.021797364,0.0053363619,0.0087621034,0.0,0.0,7.4391208e-05,0.0,0.0027146779,0.01303526
0.1,0.00919,0.02809,0.0285,0.0080251359,0.021271769,0.005329559,0.0088142232,0.0,0.0,7.5090469e-05,0.0,0.0026204864,0.012457546
0.1,0.00918,0.02824,0.02865,0.0079279697,0.020765723,0.0053207591,0.0088640915,0.0,0.0,7.5778719e-05,0.0,0.0025314318,0.011901632
0.1,0.00917,0.02839,0.0288,0.0078340239,0.020279944,0.0053099843,0.0089116995,0.0,0.0,7.6455891e-05,0.0,0.0024475837,0.011368245
0.1,0.00916,0.02854,0.02895,0.0077433384,0.019814965,0.0052972585,0.0089570407,0.0,0.0,7.7121921e-05,0.0,0.002368958,0.010857925
0.1,0.00915,0.02869,0.0291,0.0076559055,0.019371142,0.0052826072,0.0090001107,0.0,0.0,7.7776748e-05,0.0,0.0022955216,0.010371032
0.1,0.00914,0.02884,0.02925,0.0075716748,0.018948663,0.0052660578,0.0090409076,0.0,0.0,7.8420318e-05,0.0,0.0022271967,0.0099077555
0.1,0.00914,0.02899,0.0294,0.0074905575,0.018547559,0.0052476391,0.0090794315,0.0,0.0,7.9052581e-05,0.0,0.0021638658,0.0094681275
0.1,0.00913,0.02914,0.02955,0.0074124315,0.018167715,0.0052273818,0.0091156849,0.0,0.0,7.9673489e-05,0.0,0.0021053762,0.0090520303
0.1,0.00912,0.02929,0.0297,0.0073371459,0.017808883,0.005205318,0.0091496726,0.0,0.0,8.0283001e-05,0.0,0.0020515449,0.0086592106
0.1,0.00911,0.02944,0.02985,0.0072645261,0.017470693,0.0051814813,0.0091814017,0.0,0.0,8.0881079e-05,0.0,0.0020021638,0.0082892911
0.1,0.0091,0.02959,0.03,0.0071943783,0.017152665,0.0051559067,0.0092108815,0.0,0.0,8.1467687e-05,0.0,0.0019570039,0.0079417832
0.1,0.00909,0.02974,0.03015,0.0071264937,0.016854223,0.0051286307,0.0092381234,0.0,0.0,8.2042797e-05,0.0,0.0019158203,0.0076160997
0.1,0.00908,0.02989,0.0303,0.007060653,0.016574708,0.0050996908,0.0092631414,0.0,0.0,8.260638e-05,0.0,0.0018783558,0.007311567
0.1,0.00907,0.03004,0.03045,0.0069966301,0.016313389,0.0050691262,0.0092859511,0.0,0.0,8.3158414e-05,0.0,0.0018443456,0.0070274381
0.1,0.00906,0.03019,0.0306,0.0069341959,0.016069474,0.0050369766,0.0093065705,0.0,0.0,8.3698879e-05,0.0,0.0018135205,0.0067629039
0.1,0.00905,0.03034,0.03075,0.0068731213,0.015842125,0.0050032833,0.0093250198,0.0,0.0,8.422776e-05,0.0,0.0017856103,0.0065171055
0.1,0.00905,0.0305,0.0309,0.0068131801,0.015630465,0.0049680881,0.0093413207,0.0,0.0,8.4745043e-05,0.0,0.001760347,0.0062891447
0.1,0.00904,0.03065,0.03105,0.0067541519,0.015433592,0.004931434,0.0093554971,0.0,0.0,8.5250721e-05,0.0,0.0017374672,0.0060780951
0.1,0.00903,0.0308,0.0312,0.0066958238,0.015250586,0.0048933646,0.0093675748,0.0,0.0,8.5744786e-05,0.0,0.0017167144,0.0058830112
0.1,0.00902,0.03095,0.03135,0.0066379925,0.015080519,0.0048539241,0.0093775811,0.0,0.0,8.6227236e-05,0.0,0.0016978411,0.005702938
0.1,0.00901,0.0311,0.0315,0.0065804657,0.014922465,0.0048131575,0.0093855452,0.0,0.0,8.6698072e-05,0.0,0.0016806101,0.0055369193
0.1,0.009,0.03125,0.03165,0.0065230634,0.014775503,0.0047711102,0.0093914976,0.0,0.0,8.7157297e-05,0.0,0.001664796,0.005384005
0.1,0.00899,0.0314,0.0318,0.0064656187,0.014638729,0.0047278278,0.0093954705,0.0,0.0,8.7604917e-05,0.0,0.001650186,0.005243258
0.1,0.00898,0.03155,0.03195,0.0064079783,0.014511258,0.0046833566,0.0093974975,0.0,0.0,8.8040943e-05,0.0,0.0016365808,0.0051137603
0.1,0.00897,0.0317,0.0321,0.006350003,0.014392231,0.0046377428,0.0093976132,0.0,0.0,8.8465385e-05,0.0,0.0016237948,0.0049946182
0.1,0.00896,0.03185,0.03225,0.0062915677,0.01428082,0.0045910328,0.0093958537,0.0,0.0,8.8878259e-05,0.0,0.0016116566,0.0048849665
0.1,0.00895,0.032,0.0324,0.0062325615,0.014176229,0.0045432732,0.0093922561,0.0,0.0,8.9279583e-05,0.0,0.0016000088,0.0047839726
0.1,0.00894,0.03215,0.03255,0.0061728874,0.014077698,0.0044945104,0.0093868584,0.0,0.0,8.9669378e-05,0.0,0.0015887077,0.0046908393
0.1,0.00893,0.0323,0.0327,0.0061124618,0.013984507,0.0044447907,0.0093796996,0.0,0.0,9.0047665e-05,0.0,0.0015776234,0.0046048075
0.1,0.00892,0.03245,0.03285,0.0060512141,0.013895977,0.0043941603,0.0093708195,0.0,0.0,9.0414471e-05,0.0,0.0015666394,0.0045251578
0.1,0.00891,0.0326,0.033,0.0059890864,0.01381147,0.0043426651,0.0093602586,0.0,0.0,9.0769824e-05,0.0,0.0015556515,0.0044512115
0.1,0.0089,0.03275,0.03315,0.0059260322,0.01373039,0.0042903506,0.009348058,0.0,0.0,9.1113753e-05,0.0,0.0015445678,0.0043823319
0.1,0.00889,0.0329,0.0333,0.0058620163,0.013652183,0.0042372619,0.0093342591,0.0,0.0,9.1446293e-05,0.0,0.0015333081,0.0043179242
0.1,0.00888,0.03305,0.03345,0.0057970138,0.01357634,0.0041834438,0.0093189042,0.0,0.0,9.1767477e-05,0.0,0.0015218025,0.0042574354
0.1,0.00887,0.0332,0.0336,0.0057310095,0.013502389,0.0041289404,0.0093020355,0.0,0.0,9.2077343e-05,0.0,0.0015099917,0.0042003539
0.1,0.00886,0.03335,0.03375,0.0056639966,0.013429904,0.0040737953,0.0092836957,0.0,0.0,9.2375931e-05,0.0,0.0014978254,0.0041462086
0.1,0.00885,0.0335,0.0339,0.0055959769,0.013358495,0.0040180514,0.0092639275,0.0,0.0,9.2663282e-05,0.0,0.0014852621,0.0040945679
0.1,0.00884,0.03365,0.03405,0.0055269589,0.013287812,0.003961751,0.0092427738,0.0,0.0,9.2939439e-05,0.0,0.0014722685,0.0040450385
0.1,0.00883,0.03381,0.0342,0.0054569583,0.013217541,0.0039049356,0.0092202774,0.0,0.0,9.320445e-05,0.0,0.0014588182,0.0039972635
0.1,0.00882,0.03396,0.03435,0.0053859962,0.013147403,0.003847646,0.0091964813,0.0,0.0,9.345836e-05,0.0,0.0014448918,0.0039509213
0.1,0.00881,0.03411,0.0345,0.0053140991,0.013077151,0.0037899222,0.009171428,0.0,0.0,9.3701221e-05,0.0,0.0014304757,0.0039057235
0.1,0.0088,0.03426,0.03465,0.0052412982,0.013006573,0.0037318034,0.0091451601,0.0,0.0,9.3933083e-05,0.0,0.0014155618,0.0038614133
0.1,0.00879,0.03441,0.0348,0.0051676286,0.012935483,0.0036733277,0.0091177197,0.0,0.0,9.4154e-05,0.0,0.0014001469,0.0038177635
0.1,0.00878,0.03456,0.03495,0.005093129,0.012863724,0.0036145327,0.0090891489,0.0,0.0,9.4364027e-05,0.0,0.0013842323,0.0037745746
0.1,0.00877,0.03471,0.0351,0.0050178408,0.012791162,0.0035554548,0.0090594891,0.0,0.0,9.456322e-05,0.0,0.0013678228,0.0037316732
0.1,0.00876,0.03486,0.03525,0.0049418083,0.012717691,0.0034961295,0.0090287815,0.0,0.0,9.4751639e-05,0.0,0.0013509272,0.0036889098
0.1,0.00875,0.03501,0.0354,0.0048650777,0.012643224,0.0034365915,0.0089970667,0.0,0.0,9.4929344e-05,0.0,0.0013335568,0.003646157
0.1,0.00874,0.03516,0.03555,0.0047876968,0.012567693,0.0033768745,0.0089643848,0.0,0.0,9.5096396e-05,0.0,0.0013157259,0.0036033079
0.1,0.00873,0.03531,0.0357,0.004709715,0.01249105,0.0033170112,0.0089307754,0.0,0.0,9.5252859e-05,0.0,0.0012974509,0.0035602742
0.1,0.00871,0.03546,0.03585,0.0046311825,0.012413263,0.0032570333,0.0088962776,0.0,0.0,9.5398797e-05,0.0,0.0012787504,0.0035169849
0.1,0.0087,0.03561,0.036,0.0045521505,0.012334314,0.0031969715,0.0088609296,0.0,0.0,9.5534278e-05,0.0,0.0012596447,0.0034733842
0.1,0.00869,0.03576,0.03615,0.0044726704,0.0122542,0.0031368557,0.0088247692,0.0,0.0,9.5659369e-05,0.0,0.0012401553,0.0034294303
0.1,0.00868,0.03591,0.0363,0.0043927941,0.012172927,0.0030767147,0.0087878334,0.0,0.0,9.5774138e-05,0.0,0.0012203052,0.0033850941
0.1,0.00867,0.03606,0.03645,0.0043125733,0.012090516,0.0030165763,0.0087501585,0.0,0.0,9.5878658e-05,0.0,0.0012001184,0.0033403576
0.1,0.00866,0.03621,0.0366,0.0042320599,0.012006993,0.0029564674,0.0087117801,0.0,0.0,9.5972998e-05,0.0,0.0011796196,0.0032952127
0.1,0.00865,0.03636,0.03675,0.0041513053,0.011922394,0.0028964138,0.0086727331,0.0,0.0,9.6057234e-05,0.0,0.0011588342,0.0032496604
0.1,0.00864,0.03651,0.0369,0.0040703602,0.011836761,0.0028364407,0.0086330516,0.0,0.0,9.6131438e-05,0.0,0.0011377881,0.0032037093
0.1,0.00863,0.03666,0.03705,0.0039892752,0.011750144,0.0027765719,0.0085927689,0.0,0.0,9.6195687e-05,0.0,0.0011165076,0.0031573746
0.1,0.00862,0.03681,0.0372,0.0039080999,0.011662595,0.0027168307,0.0085519176,0.0,0.0,9.6250057e-05,0.0,0.0010950191,0.0031106777
0.1,0.0086,0.03697,0.03735,0.003826883,0.011574174,0.0026572391,0.0085105294,0.0,0.0,9.6294626e-05,0.0,0.0010733493,0.0030636448
0.1,0.00859,0.03712,0.0375,0.0037456726,0.011484941,0.0025978184,0.0084686353,0.0,0.0,9.6329472e-05,0.0,0.0010515248,0.0030163062
0.1,0.00858,0.03727,0.03765,0.0036645156,0.011394961,0.0025385891,0.0084262654,0.0,0.0,9.6354677e-05,0.0,0.0010295719,0.0029686961
0.1,0.00857,0.03742,0.0378,0.0035834579,0.0113043,0.0024795706,0.0083834491,0.0,0.0,9.637032e-05,0.0,0.001007517,0.0029208512
0.1,0.00856,0.03757,0.03795,0.0035025443,0.011213026,0.0024207816,0.008340215,0.0,0.0,9.6376483e-05,0.0,0.00098538619,0.002872811
0.1,0.00855,0.03772,0.0381,0.0034218183,0.011121207,0.00236224,0.0082965908,0.0,0.0,9.6373251e-05,0.0,0.00096320508,0.0028246163
0.1,0.00854,0.03787,0.03825,0.0033413224,0.011028913,0.0023039627,0.0082526035,0.0,0.0,9.6360705e-05,0.0,0.00094099898,0.0027763095
0.1,0.00853,0.03802,0.0384,0.0032610976,0.010936213,0.002245966,0.0082082794,0.0,0.0,9.6338931e-05,0.0,0.00091879269,0.0027279339
0.1,0.00851,0.03817,0.03855,0.0031811838,0.010843177,0.0021882653,0.0081636437,0.0,0.0,9.6308015e-05,0.0,0.00089661049,0.0026795333
0.1,0.0085,0.03832,0.0387,0.0031016193,0.010749873,0.0021308752,0.0081187211,0.0,0.0,9.6268042e-05,0.0,0.00087447609,0.0026311515
0.1,0.00849,0.03847,0.03885,0.0030224413,0.010656368,0.0020738097,0.0080735355,0.0,0.0,9.6219099e-05,0.0,0.00085241257,0.0025828326
0.1,0.00848,0.03862,0.039,0.0029436856,0.01056273,0.0020170819,0.00802811,0.0,0.0,9.6161275e-05,0.0,0.00083044233,0.0025346198
0.1,0.00847,0.03877,0.03915,0.0028653863,0.010469023,0.0019607045,0.0079824668,0.0,0.0,9.6094658e-05,0.0,0.0008085871,0.0024865561
0.1,0.00846,0.03892,0.0393,0.0027875763,0.010375311,0.0019046892,0.0079366276,0.0,0.0,9.6019337e-05,0.0,0.00078686783,0.0024386834
0.1,0.00844,0.03907,0.03945,0.0027102873,0.010281656,0.0018490471,0.0078906133,0.0,0.0,9.5935401e-05,0.0,0.00076530474,0.0023910426
0.1,0.00843,0.03922,0.0396,0.002633549,0.010188118,0.0017937888,0.0078444439,0.0,0.0,9.5842942e-05,0.0,0.00074391723,0.0023436736
0.1,0.00842,0.03937,0.03975,0.0025573902,0.010094754,0.0017389243,0.0077981391,0.0,0.0,9.574205e-05,0.0,0.00072272389,0.0022966148
0.1,0.00841,0.03952,0.0399,0.002481838,0.010001621,0.0016844627,0.0077517174,0.0,0.0,9.5632816e-05,0.0,0.00070174247,0.0022499033
0.1,0.0084,0.03967,0.04005,0.002406918,0.0099087716,0.0016304128,0.0077051971,0.0,0.0,9.5515334e-05,0.0,0.00068098988,0.0022035746
0.1,0.00838,0.03982,0.0402,0.0023326547,0.0098162579,0.0015767828,0.0076585955,0.0,0.0,9.5389695e-05,0.0,0.00066048215,0.0021576624
0.1,0.00837,0.03998,0.04035,0.0022590707,0.0097241285,0.0015235803,0.0076119294,0.0,0.0,9.5255993e-05,0.0,0.00064023443,0.0021121992
0.1,0.00836,0.04013,0.0405,0.0021861877,0.00963243,0.0014708124,0.0075652149,0.0,0.0,9.5114321e-05,0.0,0.00062026098,0.0020672152
0.1,0.00835,0.04028,0.04065,0.0021140256,0.0095412067,0.0014184856,0.0075184676,0.0,0.0,9.4964772e-05,0.0,0.00060057519,0.0020227391
0.1,0.00834,0.04043,0.0408,0.0020426031,0.0094505003,0.0013666061,0.0074717024,0.0,0.0,9.4807443e-05,0.0,0.00058118954,0.0019787979
0.1,0.00832,0.04058,0.04095,0.0019719376,0.0093603501,0.0013151795,0.0074249336,0.0,0.0,9.4642426e-05,0.0,0.00056211562,0.0019354165
0.1,0.00831,0.04073,0.0411,0.001902045,0.0092707931,0.001264211,0.0073781749,0.0,0.0,9.4469818e-05,0.0,0.00054336414,0.0018926182
0.1,0.0083,0.04088,0.04125,0.00183294,0.0091818639,0.0012137054,0.0073314396,0.0,0.0,9.4289713e-05,0.0,0.00052494491,0.0018504243
0.1,0.00829,0.04103,0.0414,0.001764636,0.0090935945,0.0011636669,0.0072847404,0.0,0.0,9.4102207e-05,0.0,0.00050686689,0.0018088542
0.1,0.00827,0.04118,0.04155,0.001697145,0.0090060149,0.0011140995,0.0072380892,0.0,0.0,9.3907397e-05,0.0,0.00048913814,0.0017679256
0.1,0.00826,0.04133,0.0417,0.0016304781,0.0089191523,0.0010650068,0.0071914978,0.0,0.0,9.3705378e-05,0.0,0.00047176591,0.0017276545
0.1,0.00825,0.04148,0.04185,0.0015646447,0.0088330321,0.0010163919,0.0071449772,0.0,0.0,9.3496246e-05,0.0,0.00045475656,0.0016880549
0.1,0.00824,0.04163,0.042,0.0014996535,0.0087476773,0.00096825768,0.0070985381,0.0,0.0,9.3280099e-05,0.0,0.00043811567,0.0016491392
0.1,0.00822,0.04178,0.04215,0.0014355117,0.0086631085,0.00092060664,0.0070521905,0.0,0.0,9.3057033e-05,0.0,0.00042184799,0.0016109179
0.1,0.00821,0.04193,0.0423,0.0013722256,0.0085793444,0.00087344094,0.0070059443,0.0,0.0,9.2827144e-05,0.0,0.00040595748,0.0015734002
0.1,0.0082,0.04208,0.04245,0.0013098003,0.0084964017,0.00082676245,0.0069598085,0.0,0.0,9.2590531e-05,0.0,0.00039044735,0.0015365932
0.1,0.00819,0.04223,0.0426,0.00124824,0.0084142949,0.00078057271,0.0069137921,0.0,0.0,9.234729e-05,0.0,0.00037532004,0.0015005028
0.1,0.00817,0.04238,0.04275,0.0011875478,0.0083330367,0.00073487303,0.0068679035,0.0,0.0,9.2097518e-05,0.0,0.00036057729,0.0014651333
0.1,0.00816,0.04254,0.0429,0.0011277259,0.0082526378,0.00068966441,0.0068221505,0.0,0.0,9.1841312e-05,0.0,0.00034622013,0.0014304873
0.1,0.00815,0.04269,0.04305,0.0010687753,0.0081731073,0.00064494761,0.0067765409,0.0,0.0,9.1578771e-05,0.0,0.00033224893,0.0013965663
0.1,0.00813,0.04284,0.0432,0.0010106965,0.0080944522,0.00060072315,0.0067310819,0.0,0.0,9.1309991e-05,0.0,0.00031866339,0.0013633704
0.1,0.00812,0.04299,0.04335,0.00095348898,0.0080166784,0.0005569913,0.0066857803,0.0,0.0,9.1035069e-05,0.0,0.00030546261,0.0013308981
0.1,0.00811,0.04314,0.0435,0.00089715131,0.0079397897,0.00051375211,0.0066406426,0.0,0.0,9.0754104e-05,0.0,0.00029264509,0.0012991471
0.1,0.00809,0.04329,0.04365,0.0008416814,0.0078637886,0.00047100545,0.006595675,0.0,0.0,9.0467191e-05,0.0,0.00028020876,0.0012681137
0.1,0.00808,0.04344,0.0438,0.00078707638,0.0077886763,0.00042875093,0.0065508833,0.0,0.0,9.0174429e-05,0.0,0.00026815101,0.001237793
0.1,0.00807,0.04359,0.04395,0.00073333269,0.0077144525,0.00038698803,0.0065062731,0.0,0.0,8.9875915e-05,0.0,0.00025646874,0.0012081794
0.1,0.00806,0.04374,0.0441,0.00068044612,0.0076411156,0.00034571602,0.0064618495,0.0,0.0,8.9571745e-05,0.0,0.00024515835,0.0011792661
0.1,0.00804,0.04389,0.04425,0.0006284118,0.0075686629,0.00030493399,0.0064176176,0.0,0.0,8.9262016e-05,0.0,0.0002342158,0.0011510453
0.1,0.00803,0.04404,0.0444,0.00057722432,0.0074970905,0.00026464087,0.0063735819,0.0,0.0,8.8946826e-05,0.0,0.00022363662,0.0011235087
0.1,0.00802,0.04419,0.04455,0.00052687769,0.0074263935,0.00022483547,0.0063297467,0.0,0.0,8.8626271e-05,0.0,0.00021341595,0.0010966468
0.1,0.008,0.04434,0.0447,0.00047736542,0.007356566,0.0001855164,0.0062861162,0.0,0.0,8.8300448e-05,0.0,0.00020354857,0.0010704498
0.1,0.00799,0.04449,0.04485,0.00042868053,0.0072876011,0.00014668218,0.0062426942,0.0,0.0,8.7969452e-05,0.0,0.0001940289,0.0010449069
0.1,0.00797,0.04464,0.045,0.00038081563,0.0072194913,0.00010833116,0.0061994844,0.0,0.0,8.763338e-05,0.0,0.00018485108,0.0010200069
0.1,0.00796,0.04479,0.04515,0.00033376289,0.0071522281,7.0461611e-05,0.00615649,0.0,0.0,8.7292327e-05,0.0,0.00017600895,0.00099573815
0.1,0.00795,0.04494,0.0453,0.00028751413,0.0070858025,3.3071648e-05,0.0061137142,0.0,0.0,8.694639e-05,0.0,0.0001674961,0.00097208834
0.1,0.00793,0.0451,0.04545,0.00024590154,0.0070177844,0.0,0.0060687395,0.0,0.0,8.6595664e-05,0.0,0.00015930587,0.00094904488
0.1,0.00792,0.04525,0.0456,0.00023767168,0.0069299988,0.0,0.0060034041,0.0,0.0,8.6240243e-05,0.0,0.00015143144,0.00092659476
0.1,0.00791,0.0454,0.04575,0.00022974598,0.0068432396,0.0,0.0059385149,0.0,0.0,8.5880223e-05,0.0,0.00014386576,0.0009047247
0.1,0.00789,0.04555,0.0459,0.00022211736,0.0067574948,0.0,0.0058740736,0.0,0.0,8.5515698e-05,0.0,0.00013660166,0.00088342118
0.1,0.00788,0.0457,0.04605,0.00021477859,0.0066727522,0.0,0.0058100817,0.0,0.0,8.5146763e-05,0.0,0.00012963183,0.00086267046
0.1,0.00787,0.04585,0.0462,0.00020772235,0.0065889989,0.0,0.0057465402,0.0,0.0,8.4773511e-05,0.0,0.00012294884,0.00084245866
0.1,0.00785,0.046,0.04635,0.00020094122,0.0065062219,0.0,0.0056834501,0.0,0.0,8.4396035e-05,0.0,0.00011654518,0.00082277181
0.1,0.00784,0.04615,0.0465,0.00019442771,0.006424408,0.0,0.0056208122,0.0,0.0,8.401443e-05,0.0,0.00011041328,0.00080359586
0.1,0.00782,0.0463,0.04665,0.0001881743,0.0063435437,0.0,0.0055586269,0.0,0.0,8.3628788e-05,0.0,0.00010454551,0.00078491676
0.1,0.00781,0.04645,0.0468,0.00018217342,0.0062636152,0.0,0.0054968947,0.0,0.0,8.3239201e-05,0.0,9.8934224e-05,0.00076672046
0.1,0.0078,0.0466,0.04695,0.00017641752,0.0061846087,0.0,0.0054356157,0.0,0.0,8.2845761e-05,0.0,9.3571756e-05,0.00074899299
0.1,0.00778,0.04675,0.0471,0.00017089901,0.0061065104,0.0,0.0053747899,0.0,0.0,8.244856e-05,0.0,8.8450454e-05,0.00073172046
0.1,0.00777,0.0469,0.04725,0.00016561038,0.0060293063,0.0,0.0053144172,0.0,0.0,8.204769e-05,0.0,8.3562688e-05,0.00071488912
0.1,0.00775,0.04705,0.0474,0.00016054411,0.0059529825,0.0,0.0052544972,0.0,0.0,8.164324e-05,0.0,7.8900867e-05,0.00069848535
0.1,0.00774,0.0472,0.04755,0.00015569276,0.0058775252,0.0,0.0051950294,0.0,0.0,8.1235302e-05,0.0,7.4457454e-05,0.00068249575
0.1,0.00772,0.04735,0.0477,0.00015104894,0.0058029205,0.0,0.0051360134,0.0,0.0,8.0823966e-05,0.0,7.0224977e-05,0.00066690709
0.1,0.00771,0.04751,0.04785,0.00014660536,0.0057291547,0.0,0.0050774483,0.0,0.0,8.040932e-05,0.0,6.6196045e-05,0.00065170641
0.1,0.0077,0.04766,0.048,0.00014235481,0.0056562142,0.0,0.0050193333,0.0,0.0,7.9991453e-05,0.0,6.2363356e-05,0.00063688097
0.1,0.00768,0.04781,0.04815,0.00013829017,0.0055840857,0.0,0.0049616673,0.0,0.0,7.9570455e-05,0.0,5.871971e-05,0.00062241832
0.1,0.00767,0.04796,0.0483,0.00013440443,0.0055127557,0.0,0.0049044494,0.0,0.0,7.9146413e-05,0.0,5.5258019e-05,0.0006083063
0.1,0.00765,0.04811,0.04845,0.00013069073,0.0054422113,0.0,0.0048476783,0.0,0.0,7.8719415e-05,0.0,5.1971314e-05,0.00059453306
0.1,0.00764,0.04826,0.0486,0.0001271423,0.0053724397,0.0,0.0047913527,0.0,0.0,7.8289547e-05,0.0,4.8852753e-05,0.00058108704
0.1,0.00762,0.04841,0.04875,0.00012375253,0.0053034282,0.0,0.0047354711,0.0,0.0,7.7856896e-05,0.0,4.589563e-05,0.00056795705
0.1,0.00761,0.04856,0.0489,0.00012051493,0.0052351644,0.0,0.0046800322,0.0,0.0,7.7421548e-05,0.0,4.3093381e-05,0.00055513221
0.1,0.00759,0.04871,0.04905,0.00011742318,0.0051676362,0.0,0.0046250343,0.0,0.0,7.6983588e-05,0.0,4.043959e-05,0.00054260198
0.1,0.00758,0.04886,0.0492,0.00011447109,0.0051008319,0.0,0.0045704757,0.0,0.0,7.6543101e-05,0.0,3.7927991e-05,0.0005303562
0.1,0.00756,0.04901,0.04935,0.00011165265,0.0050347398,0.0,0.0045163548,0.0,0.0,7.6100171e-05,0.0,3.5552475e-05,0.00051838505
0.1,0.00755,0.04916,0.0495,0.00010896198,0.0049693487,0.0,0.0044626697,0.0,0.0,7.5654882e-05,0.0,3.3307095e-05,0.00050667905
0.1,0.00753,0.04931,0.04965,0.00010639338,0.0049046477,0.0,0.0044094185,0.0,0.0,7.5207317e-05,0.0,3.1186063e-05,0.0004952291
0.1,0.00752,0.04946,0.0498,0.00010394132,0.0048406259,0.0,0.0043565994,0.0,0.0,7.4757557e-05,0.0,2.918376e-05,0.00048402647
0.1,0.0075,0.04961,0.04995,0.00010160042,0.0047772731,0.0,0.0043042103,0.0,0.0,7.4305686e-05,0.0,2.729473e-05,0.00047306277
0.1,0.00749,0.04976,0.0501,9.9365472e-05,0.0047145791,0.0,0.0042522492,0.0,0.0,7.3851784e-05,0.0,2.5513688e-05,0.00046232997
0.1,0.00747,0.04992,0.05025,9.7231446e-05,0.0046525343,0.0,0.0042007139,0.0,0.0,7.3395932e-05,0.0,2.3835514e-05,0.00045182038
0.1,0.00746,0.05007,0.0504,9.5193469e-05,0.004591129,0.0,0.0041496023,0.0,0.0,7.293821e-05,0.0,2.2255259e-05,0.00044152668
0.1,0.00744,0.05022,0.05055,9.3246838e-05,0.0045303541,0.0,0.0040989123,0.0,0.0,7.2478698e-05,0.0,2.076814e-05,0.00043144188
0.1,0.00743,0.05037,0.0507,9.1387017e-05,0.0044702008,0.0,0.0040486415,0.0,0.0,7.2017473e-05,0.0,1.9369544e-05,0.00042155932
0.1,0.00741,0.05052,0.05085,8.9609636e-05,0.0044106604,0.0,0.0039987877,0.0,0.0,7.1554615e-05,0.0,1.8055021e-05,0.00041187269
0.1,0.0074,0.05067,0.051,8.7910487e-05,0.0043517246,0.0,0.0039493487,0.0,0.0,7.10902e-05,0.0,1.6820288e-05,0.00040237597
0.1,0.00738,0.05082,0.05115,8.6285527e-05,0.0042933854,0.0,0.0039003219,0.0,0.0,7.0624305e-05,0.0,1.5661221e-05,0.00039306348
0.1,0.00737,0.05097,0.0513,8.4730868e-05,0.004235635,0.0,0.0038517052,0.0,0.0,7.0157007e-05,0.0,1.4573861e-05,0.00038392982
0.1,0.00735,0.05112,0.05145,8.3242784e-05,0.0041784659,0.0,0.003803496,0.0,0.0,6.9688382e-05,0.0,1.3554403e-05,0.00037496989
0.1,0.00734,0.05127,0.0516,8.1817701e-05,0.0041218709,0.0,0.003755692,0.0,0.0,6.9218502e-05,0.0,1.2599199e-05,0.00036617889
0.1,0.00732,0.05142,0.05175,8.0452197e-05,0.0040658429,0.0,0.0037082907,0.0,0.0,6.8747444e-05,0.0,1.1704752e-05,0.00035755227
0.1,0.00731,0.05157,0.0519,7.9142996e-05,0.0040103753,0.0,0.0036612896,0.0,0.0,6.8275281e-05,0.0,1.0867716e-05,0.00034908576
0.1,0.00729,0.05172,0.05205,7.7886971e-05,0.0039554616,0.0,0.0036146862,0.0,0.0,6.7802084e-05,0.0,1.0084887e-05,0.00034077533
0.1,0.00728,0.05187,0.0522,7.6681134e-05,0.0039010953,0.0,0.0035684781,0.0,0.0,6.7327926e-05,0.0,9.3532074e-06,0.0003326172
0.1,0.00726,0.05203,0.05235,7.5522634e-05,0.0038472706,0.0,0.0035226628,0.0,0.0,6.685288e-05,0.0,8.6697544e-06,0.0003246078
0.1,0.00724,0.05218,0.0525,7.4408756e-05,0.0037939814,0.0,0.0034772376,0.0,0.0,6.6377014e-05,0.0,8.0317417e-06,0.00031674381
0.1,0.00723,0.05233,0.05265,7.3336913e-05,0.0037412222,0.0,0.0034322001,0.0,0.0,6.5900399e-05,0.0,7.4365135e-06,0.00030902209
0.1,0.00721,0.05248,0.0528,7.2304646e-05,0.0036889874,0.0,0.0033875477,0.0,0.0,6.5423105e-05,0.0,6.881541e-06,0.00030143972
0.1,0.0072,0.05263,0.05295,7.1309618e-05,0.0036372718,0.0,0.0033432779,0.0,0.0,6.49452e-05,0.0,6.3644182e-06,0.00029399394
0.1,0.00718,0.05278,0.0531,7.034961e-05,0.0035860702,0.0,0.003299388,0.0,0.0,6.4466752e-05,0.0,5.8828583e-06,0.00028668219
0.1,0.00716,0.05293,0.05325,6.9422517e-05,0.0035353777,0.0,0.0032558757,0.0,0.0,6.3987828e-05,0.0,5.4346894e-06,0.00027950206
0.1,0.00715,0.05308,0.0534,6.8526344e-05,0.0034851894,0.0,0.0032127381,0.0,0.0,6.3508493e-05,0.0,5.0178504e-06,0.00027245128
0.1,0.00713,0.05323,0.05355,6.7659203e-05,0.0034355007,0.0,0.0031699729,0.0,0.0,6.3028815e-05,0.0,4.6303876e-06,0.00026552776
0.1,0.00712,0.05338,0.0537,6.6819308e-05,0.003386307,0.0,0.0031275774,0.0,0.0,6.2548858e-05,0.0,4.2704496e-06,0.00025872951
0.1,0.0071,0.05353,0.05385,6.6004971e-05,0.0033376038,0.0,0.0030855491,0.0,0.0,6.2068686e-05,0.0,3.9362846e-06,0.00025205467
0.1,0.00708,0.05368,0.054,6.5214598e-05,0.003289387,0.0,0.0030438854,0.0,0.0,6.1588362e-05,0.0,3.6262353e-06,0.00024550151
0.1,0.00707,0.05383,0.05415,6.4446686e-05,0.0032416522,0.0,0.0030025838,0.0,0.0,6.110795e-05,0.0,3.338736e-06,0.00023906838
0.1,0.00705,0.05398,0.0543,6.3699819e-05,0.0031943954,0.0,0.0029616417,0.0,0.0,6.0627511e-05,0.0,3.0723081e-06,0.00023275374
0.1,0.00704,0.05414,0.05445,6.2972664e-05,0.0031476126,0.0,0.0029210565,0.0,0.0,6.0147107e-05,0.0,2.8255568e-06,0.00022655613
0.1,0.00702,0.05429,0.0546,6.2263965e-05,0.0031012999,0.0,0.0028808257,0.0,0.0,5.9666798e-05,0.0,2.597167e-06,0.00022047419
0.1,0.007,0.05444,0.05475,6.1572544e-05,0.0030554533,0.0,0.0028409467,0.0,0.0,5.9186643e-05,0.0,2.3859003e-06,0.00021450659
0.1,0.00699,0.05459,0.0549,6.0897294e-05,0.0030100693,0.0,0.0028014172,0.0,0.0,5.8706703e-05,0.0,2.1905907e-06,0.00020865209
0.1,0.00697,0.05474,0.05505,6.0237177e-05,0.0029651439,0.0,0.0027622344,0.0,0.0,5.8227035e-05,0.0,2.010142e-06,0.00020290951
0.1,0.00695,0.05489,0.0552,5.959122e-05,0.0029206737,0.0,0.002723396,0.0,0.0,5.7747696e-05,0.0,1.843524e-06,0.0001972777
0.1,0.00694,0.05504,0.05535,5.8958513e-05,0.0028766549,0.0,0.0026848994,0.0,0.0,5.7268744e-05,0.0,1.689769e-06,0.00019175557
0.1,0.00692,0.05519,0.0555,5.8338204e-05,0.0028330841,0.0,0.0026467421,0.0,0.0,5.6790235e-05,0.0,1.5479696e-06,0.00018634204
0.1,0.0069,0.05534,0.05565,5.7729498e-05,0.0027899578,0.0,0.0026089217,0.0,0.0,5.6312223e-05,0.0,1.4172746e-06,0.0001810361
0.1,0.00689,0.05549,0.0558,5.7131651e-05,0.0027472724,0.0,0.0025714357,0.0,0.0,5.5834765e-05,0.0,1.2968868e-06,0.00017583674
0.1,0.00687,0.05564,0.05595,5.6543972e-05,0.0027050246,0.0,0.0025342816,0.0,0.0,5.5357912e-05,0.0,1.1860599e-06,0.00017074296
0.1,0.00685,0.05579,0.0561,5.5965815e-05,0.0026632109,0.0,0.0024974571,0.0,0.0,5.4881719e-05,0.0,1.0840958e-06,0.0001657538
0.1,0.00684,0.05594,0.05625,5.5396579e-05,0.0026218279,0.0,0.0024609597,0.0,0.0,5.4406237e-05,0.0,9.9034195e-07,0.00016086829
0.1,0.00682,0.05609,0.0564,5.4835708e-05,0.0025808724,0.0,0.0024247869,0.0,0.0,5.3931519e-05,0.0,9.0418882e-07,0.00015608549
0.1,0.0068,0.05625,0.05655,5.4282682e-05,0.0025403409,0.0,0.0023889365,0.0,0.0,5.3457615e-05,0.0,8.250676e-07,0.00015140443
0.1,0.00679,0.0564,0.0567,5.3737022e-05,0.0025002301,0.0,0.0023534059,0.0,0.0,5.2984575e-05,0.0,7.524478e-07,0.00014682419
0.1,0.00677,0.05655,0.05685,5.3198283e-05,0.0024605368,0.0,0.002318193,0.0,0.0,5.2512448e-05,0.0,6.85835e-07,0.00014234379
0.1,0.00675,0.0567,0.057,5.2666052e-05,0.0024212575,0.0,0.0022832952,0.0,0.0,5.2041283e-05,0.0,6.2476879e-07,0.00013796228
0.1,0.00673,0.05685,0.05715,5.213995e-05,0.0023823891,0.0,0.0022487104,0.0,0.0,5.1571129e-05,0.0,5.6882073e-07,0.0001336787
0.1,0.00672,0.057,0.0573,5.1619624e-05,0.0023439282,0.0,0.0022144361,0.0,0.0,5.1102031e-05,0.0,5.1759242e-07,0.00012949208
0.1,0.0067,0.05715,0.05745,5.110475e-05,0.0023058715,0.0,0.0021804701,0.0,0.0,5.0634037e-05,0.0,4.7071364e-07,0.00012540141
0.1,0.00668,0.0573,0.0576,5.0595032e-05,0.0022682159,0.0,0.0021468102,0.0,0.0,5.0167191e-05,0.0,4.2784064e-07,0.00012140571
0.1,0.00666,0.05745,0.05775,5.0090194e-05,0.0022309579,0.0,0.0021134539,0.0,0.0,4.970154e-05,0.0,3.8865446e-07,0.00011750395
0.1,0.00665,0.0576,0.0579,4.9589985e-05,0.0021940943,0.0,0.0020803992,0.0,0.0,4.9237126e-05,0.0,3.5285936e-07,0.00011369511
0.1,0.00663,0.05775,0.05805,4.9094175e-05,0.0021576219,0.0,0.0020476438,0.0,0.0,4.8773994e-05,0.0,3.201813e-07,0.00010997813
0.1,0.00661,0.0579,0.0582,4.8602552e-05,0.0021215374,0.0,0.0020151854,0.0,0.0,4.8312185e-05,0.0,2.9036659e-07,0.00010635194
0.1,0.0066,0.05805,0.05835,4.8114923e-05,0.0020858374,0.0,0.001983022,0.0,0.0,4.7851743e-05,0.0,2.6318046e-07,0.00010281547
0.1,0.00658,0.05821,0.0585,4.7631113e-05,0.0020505188,0.0,0.0019511512,0.0,0.0,4.7392708e-05,0.0,2.3840588e-07,9.93676e-05
0.1,0.00656,0.05836,0.05865,4.7150962e-05,0.0020155783,0.0,0.0019195711,0.0,0.0,4.693512e-05,0.0,2.1584231e-07,9.6007222e-05
0.1,0.00654,0.05851,0.0588,4.6674324e-05,0.0019810125,0.0,0.0018882794,0.0,0.0,4.6479019e-05,0.0,1.9530462e-07,9.273319e-05
0.1,0.00652,0.05866,0.05895,4.6201067e-05,0.0019468183,0.0,0.001857274,0.0,0.0,4.6024445e-05,0.0,1.7662197e-07,8.9544346e-05
0.1,0.00651,0.05881,0.0591,4.5731072e-05,0.0019129923,0.0,0.0018265528,0.0,0.0,4.5571435e-05,0.0,1.5963688e-07,8.6439515e-05
0.1,0.00649,0.05896,0.05925,4.5264232e-05,0.0018795313,0.0,0.0017961138,0.0,0.0,4.5120028e-05,0.0,1.4420423e-07,8.3417502e-05
0.1,0.00647,0.05911,0.0594,4.480045e-05,0.001846432,0.0,0.0017659549,0.0,0.0,4.4670259e-05,0.0,1.3019042e-07,8.0477096e-05
0.1,0.00645,0.05926,0.05955,4.4339639e-05,0.0018136911,0.0,0.0017360741,0.0,0.0,4.4222166e-05,0.0,1.1747253e-07,7.7617071e-05
0.1,0.00644,0.05941,0.0597,4.3881721e-05,0.0017813055,0.0,0.0017064693,0.0,0.0,4.3775783e-05,0.0,1.0593753e-07,7.4836184e-05
0.1,0.00642,0.05956,0.05985,4.3426627e-05,0.0017492717,0.0,0.0016771386,0.0,0.0,4.3331146e-05,0.0,9.5481581e-08,7.2133178e-05
0.1,0.0064,0.05971,0.06,4.2974297e-05,0.0017175867,0.0,0.0016480799,0.0,0.0,4.2888287e-05,0.0,8.6009333e-08,6.9506784e-05
0.1,0.00638,0.05986,0.06015,4.2524675e-05,0.001686247,0.0,0.0016192913,0.0,0.0,4.2447242e-05,0.0,7.7433301e-08,6.6955716e-05
0.1,0.00636,0.06002,0.0603,4.2077714e-05,0.0016552496,0.0,0.0015907709,0.0,0.0,4.2008041e-05,0.0,6.9673265e-08,6.4478681e-05
0.1,0.00635,0.06017,0.06045,4.1633374e-05,0.0016245912,0.0,0.0015625168,0.0,0.0,4.1570718e-05,0.0,6.2655724e-08,6.2074373e-05
0.1,0.00633,0.06032,0.0606,4.1191616e-05,0.0015942684,0.0,0.001534527,0.0,0.0,4.1135303e-05,0.0,5.6313371e-08,5.9741476e-05
0.1,0.00631,0.06047,0.06075,4.0752411e-05,0.0015642783,0.0,0.0015067996,0.0,0.0,4.0701827e-05,0.0,5.0584617e-08,5.7478669e-05
0.1,0.00629,0.06062,0.0609,4.0315732e-05,0.0015346175,0.0,0.0014793329,0.0,0.0,4.0270319e-05,0.0,4.5413145e-08,5.5284621e-05
0.1,0.00627,0.06077,0.06105,3.9881557e-05,0.0015052828,0.0,0.0014521248,0.0,0.0,3.9840809e-05,0.0,4.0747488e-08,5.3157995e-05
0.1,0.00625,0.06092,0.0612,3.9449867e-05,0.0014762712,0.0,0.0014251738,0.0,0.0,3.9413326e-05,0.0,3.6540648e-08,5.1097453e-05
0.1,0.00624,0.06107,0.06135,3.9020646e-05,0.0014475794,0.0,0.0013984778,0.0,0.0,3.8987897e-05,0.0,3.2749735e-08,4.910165e-05
0.1,0.00622,0.06122,0.0615,3.8593884e-05,0.0014192044,0.0,0.0013720351,0.0,0.0,3.8564549e-05,0.0,2.9335633e-08,4.716924e-05
0.1,0.0062,0.06137,0.06165,3.8169571e-05,0.0013911429,0.0,0.001345844,0.0,0.0,3.8143308e-05,0.0,2.6262692e-08,4.5298878e-05
0.1,0.00618,0.06152,0.0618,3.77477e-05,0.0013633919,0.0,0.0013199027,0.0,0.0,3.7724202e-05,0.0,2.3498445e-08,4.3489216e-05
0.1,0.00616,0.06167,0.06195,3.7328267e-05,0.0013359484,0.0,0.0012942095,0.0,0.0,3.7307254e-05,0.0,2.1013341e-08,4.1738912e-05
0.1,0.00614,0.06183,0.0621,3.6911269e-05,0.0013088092,0.0,0.0012687626,0.0,0.0,3.6892489e-05,0.0,1.8780501e-08,4.0046622e-05
0.1,0.00612,0.06198,0.06225,3.6496707e-05,0.0012819714,0.0,0.0012435604,0.0,0.0,3.6479931e-05,0.0,1.6775494e-08,3.8411011e-05
0.1,0.00611,0.06213,0.0624,3.608458e-05,0.0012554319,0.0,0.0012186012,0.0,0.0,3.6069604e-05,0.0,1.4976128e-08,3.6830746e-05
0.1,0.00609,0.06228,0.06255,3.5674891e-05,0.0012291878,0.0,0.0011938833,0.0,0.0,3.5661529e-05,0.0,1.3362256e-08,3.5304501e-05
0.1,0.00607,0.06243,0.0627,3.5267645e-05,0.001203236,0.0,0.001169405,0.0,0.0,3.5255729e-05,0.0,1.1915606e-08,3.3830957e-05
0.1,0.00605,0.06258,0.06285,3.4862845e-05,0.0011775737,0.0,0.0011451649,0.0,0.0,3.4852225e-05,0.0,1.0619608e-08,3.2408805e-05
0.1,0.00603,0.06273,0.063,3.4460497e-05,0.0011521979,0.0,0.0011211612,0.0,0.0,3.4451038e-05,0.0,9.4592532e-09,3.1036745e-05
0.1,0.00601,0.06288,0.06315,3.4060608e-05,0.0011271059,0.0,0.0010973924,0.0,0.0,3.4052187e-05,0.0,8.4209531e-09,2.9713486e-05
0.1,0.00599,0.06303,0.0633,3.3663185e-05,0.0011022946,0.0,0.0010738569,0.0,0.0,3.3655693e-05,0.0,7.4924121e-09,2.843775e-05
0.1,0.00597,0.06318,0.06345,3.3268236e-05,0.0010777614,0.0,0.0010505531,0.0,0.0,3.3261573e-05,0.0,6.6625128e-09,2.7208272e-05
0.1,0.00596,0.06333,0.0636,3.2875768e-05,0.0010535034,0.0,0.0010274796,0.0,0.0,3.2869847e-05,0.0,5.9212098e-09,2.6023798e-05
0.1,0.00594,0.06348,0.06375,3.248579e-05,0.0010295179,0.0,0.0010046348,0.0,0.0,3.2480531e-05,0.0,5.2594317e-09,2.4883089e-05
0.1,0.00592,0.06364,0.0639,3.2098312e-05,0.0010058021,0.0,0.00098201716,0.0,0.0,3.2093643e-05,0.0,4.6689924e-09,2.3784922e-05
0.1,0.0059,0.06379,0.06405,3.1713342e-05,0.00098235339,0.0,0.0009596253,0.0,0.0,3.1709199e-05,0.0,4.142509e-09,2.2728089e-05
0.1,0.00588,0.06394,0.0642,3.1330889e-05,0.0009591691,0.0,0.0009374577,0.0,0.0,3.1327215e-05,0.0,3.673328e-09,2.1711398e-05
0.1,0.00586,0.06409,0.06435,3.0950962e-05,0.00093624661,0.0,0.00091551294,0.0,0.0,3.0947706e-05,0.0,3.2554565e-09,2.0733673e-05
0.1,0.00584,0.06424,0.0645,3.0573571e-05,0.00091358333,0.0,0.00089378958,0.0,0.0,3.0570687e-05,0.0,2.8835004e-09,1.9793758e-05
0.1,0.00582,0.06439,0.06465,3.0198725e-05,0.00089117671,0.0,0.0008722862,0.0,0.0,3.0196172e-05,0.0,2.5526076e-09,1.8890511e-05
0.1,0.0058,0.06454,0.0648,2.9826433e-05,0.00086902423,0.0,0.00085100142,0.0,0.0,2.9824175e-05,0.0,2.2584164e-09,1.8022814e-05
0.1,0.00578,0.06469,0.06495,2.9456704e-05,0.00084712342,0.0,0.00082993386,0.0,0.0,2.9454707e-05,0.0,1.9970083e-09,1.7189562e-05
0.1,0.00576,0.06484,0.0651,2.9089548e-05,0.00082547183,0.0,0.00080908215,0.0,0.0,2.9087783e-05,0.0,1.7648655e-09,1.6389676e-05
0.1,0.00574,0.06499,0.06525,2.8724972e-05,0.00080406705,0.0,0.00078844496,0.0,0.0,2.8723413e-05,0.0,1.5588317e-09,1.5622091e-05
0.1,0.00572,0.06514,0.0654,2.8362985e-05,0.00078290671,0.0,0.00076802094,0.0,0.0,2.8361609e-05,0.0,1.376077e-09,1.4885765e-05
0.1,0.0057,0.06529,0.06555,2.8003595e-05,0.00076198848,0.0,0.0007478088,0.0,0.0,2.8002381e-05,0.0,1.2140654e-09,1.4179676e-05
0.1,0.00568,0.06545,0.0657,2.7646811e-05,0.00074131006,0.0,0.00072780724,0.0,0.0,2.764574e-05,0.0,1.0705262e-09,1.3502824e-05
0.1,0.00566,0.0656,0.06585,2.7292639e-05,0.0007208692,0.0,0.00070801497,0.0,0.0,2.7291696e-05,0.0,9.4342709e-10,1.2854227e-05
0.1,0.00564,0.06575,0.066,2.6941088e-05,0.00070066366,0.0,0.00068843073,0.0,0.0,2.6940257e-05,0.0,8.3095065e-10,1.2232927e-05
0.1,0.00562,0.0659,0.06615,2.6592164e-05,0.00068069126,0.0,0.00066905328,0.0,0.0,2.6591432e-05,0.0,7.3147239e-10,1.1637986e-05
0.1,0.0056,0.06605,0.0663,2.6245874e-05,0.00066094986,0.0,0.00064988137,0.0,0.0,2.624523e-05,0.0,6.4354135e-10,1.1068486e-05
0.1,0.00558,0.0662,0.06645,2.5902224e-05,0.00064143734,0.0,0.0006309138,0.0,0.0,2.5901658e-05,0.0,5.6586233e-10,1.0523533e-05
0.1,0.00556,0.06635,0.0666,2.556122e-05,0.00062215161,0.0,0.00061214936,0.0,0.0,2.5560723e-05,0.0,4.9727989e-10,1.0002253e-05
0.1,0.00554,0.0665,0.06675,2.5222868e-05,0.00060309066,0.0,0.00059358686,0.0,0.0,2.5222431e-05,0.0,4.3676397e-10,9.5037937e-06
0.1,0.00552,0.06665,0.0669,2.4887173e-05,0.00058425246,0.0,0.00057522514,0.0,0.0,2.4886789e-05,0.0,3.833968e-10,9.0273238e-06
0.1,0.0055,0.0668,0.06705,2.4554139e-05,0.00056563506,0.0,0.00055706302,0.0,0.0,2.4553803e-05,0.0,3.3636122e-10,8.5720338e-06
0.1,0.00548,0.06695,0.0672,2.4223772e-05,0.00054723652,0.0,0.00053909938,0.0,0.0,2.4223477e-05,0.0,2.9493011e-10,8.1371354e-06
0.1,0.00546,0.06711,0.06735,2.3896075e-05,0.00052905495,0.0,0.00052133309,0.0,0.0,2.3895816e-05,0.0,2.5845685e-10,7.7218614e-06
0.1,0.00544,0.06726,0.0675,2.3571051e-05,0.00051108849,0.0,0.00050376302,0.0,0.0,2.3570825e-05,0.0,2.263668e-10,7.3254655e-06
0.1,0.00542,0.06741,0.06765,2.3248705e-05,0.00049333531,0.0,0.00048638809,0.0,0.0,2.3248507e-05,0.0,1.9814957e-10,6.9472224e-06
0.1,0.0054,0.06756,0.0678,2.2929038e-05,0.00047579364,0.0,0.00046920721,0.0,0.0,2.2928865e-05,0.0,1.7335216e-10,6.5864273e-06
0.1,0.00538,0.06771,0.06795,2.2612054e-05,0.0004584617,0.0,0.00045221931,0.0,0.0,2.2611902e-05,0.0,1.5157273e-10,6.242396e-06
0.1,0.00536,0.06786,0.0681,2.2297753e-05,0.00044133779,0.0,0.00043542333,0.0,0.0,2.2297621e-05,0.0,1.3245507e-10,5.9144644e-06
0.1,0.00534,0.06801,0.06825,2.1986139e-05,0.00042442022,0.0,0.00041881823,0.0,0.0,2.1986023e-05,0.0,1.156836e-10,5.6019884e-06
0.1,0.00532,0.06816,0.0684,2.1677212e-05,0.00040770732,0.0,0.00040240298,0.0,0.0,2.1677111e-05,0.0,1.0097891e-10,5.3043436e-06
0.1,0.0053,0.06831,0.06855,2.1370972e-05,0.0003911975,0.0,0.00038617657,0.0,0.0,2.1370884e-05,0.0,8.8093777e-11,5.020925e-06
0.1,0.00528,0.06846,0.0687,2.1067421e-05,0.00037488915,0.0,0.000370138,0.0,0.0,2.1067344e-05,0.0,7.6809588e-11,4.7511468e-06
0.1,0.00526,0.06861,0.06885,2.0766558e-05,0.00035878072,0.0,0.00035428628,0.0,0.0,2.0766491e-05,0.0,6.6933154e-11,4.494442e-06
0.1,0.00524,0.06877,0.069,2.0468383e-05,0.00034287069,0.0,0.00033862043,0.0,0.0,2.0468324e-05,0.0,5.8293856e-11,4.2502621e-06
0.1,0.00522,0.06892,0.06915,2.0172895e-05,0.00032715757,0.0,0.0003231395,0.0,0.0,2.0172844e-05,0.0,5.0741103e-11,4.0180769e-06
0.1,0.0052,0.06907,0.0693,1.9880093e-05,0.0003116399,0.0,0.00030784253,0.0,0.0,1.9880048e-05,0.0,4.4142064e-11,3.7973738e-06
0.1,0.00518,0.06922,0.06945,1.9589975e-05,0.00029631625,0.0,0.00029272859,0.0,0.0,1.9589937e-05,0.0,3.8379648e-11,3.5876578e-06
0.1,0.00516,0.06937,0.0696,1.930254e-05,0.00028118521,0.0,0.00027779676,0.0,0.0,1.9302507e-05,0.0,3.3350698e-11,3.3884512e-06
0.1,0.00513,0.06952,0.06975,1.9017786e-05,0.00026624542,0.0,0.00026304613,0.0,0.0,1.9017757e-05,0.0,2.8964395e-11,3.1992929e-06
0.1,0.00511,0.06967,0.0699,1.8735709e-05,0.00025149554,0.0,0.0002484758,0.0,0.0,1.8735684e-05,0.0,2.5140828e-11,3.0197383e-06
0.1,0.00509,0.06982,0.07005,1.8456307e-05,0.00023693425,0.0,0.00023408489,0.0,0.0,1.8456285e-05,0.0,2.1809729e-11,2.8493587e-06
0.1,0.00507,0.06997,0.0702,1.8179576e-05,0.00022256026,0.0,0.00021987252,0.0,0.0,1.8179557e-05,0.0,1.8909346e-11,2.6877413e-06
0.1,0.00505,0.07012,0.07035,1.7905512e-05,0.00020837233,0.0,0.00020583784,0.0,0.0,1.7905496e-05,0.0,1.6385447e-11,2.5344884e-06
0.1,0.00503,0.07028,0.0705,1.7634113e-05,0.00019436921,0.0,0.00019198,0.0,0.0,1.7634098e-05,0.0,1.4190433e-11,2.3892172e-06
0.1,0.00501,0.07043,0.07065,1.7365372e-05,0.00018054971,0.0,0.00017829815,0.0,0.0,1.736536e-05,0.0,1.2282549e-11,2.2515596e-06
0.1,0.00499,0.07058,0.0708,1.7099286e-05,0.00016691265,0.0,0.00016479148,0.0,0.0,1.7099275e-05,0.0,1.0625195e-11,2.1211615e-06
0.1,0.00497,0.07073,0.07095,1.6835849e-05,0.00015345686,0.0,0.00015145918,0.0,0.0,1.683584e-05,0.0,9.1863034e-12,1.9976827e-06
0.1,0.00494,0.07088,0.0711,1.6575056e-05,0.00014018124,0.0,0.00013830044,0.0,0.0,1.6575048e-05,0.0,7.9378006e-12,1.8807962e-06
0.1,0.00492,0.07103,0.07125,1.63169e-05,0.00012708467,0.0,0.00012531448,0.0,0.0,1.6316894e-05,0.0,6.8551202e-12,1.770188e-06
0.1,0.0049,0.07118,0.0714,1.6061377e-05,0.00011416607,0.0,0.00011250051,0.0,0.0,1.6061372e-05,0.0,5.9167803e-12,1.6655571e-06
0.1,0.00488,0.07133,0.07155,1.580848e-05,0.00010142439,0.0,9.9857777e-05,0.0,0.0,1.5808475e-05,0.0,5.1040073e-12,1.5666142e-06
0.1,0.00486,0.07148,0.0717,1.5558202e-05,8.8858599e-05,0.0,8.7385516e-05,0.0,0.0,1.5558197e-05,0.0,4.4004045e-12,1.4730824e-06
0.1,0.00484,0.07163,0.07185,1.5310535e-05,7.6467683e-05,0.0,7.5082987e-05,0.0,0.0,1.5310531e-05,0.0,3.7916597e-12,1.384696e-06
0.1,0.00482,0.07178,0.072,1.5065474e-05,6.4250656e-05,0.0,6.2949455e-05,0.0,0.0,1.506547e-05,0.0,3.2652885e-12,1.3012006e-06
0.1,0.00479,0.07194,0.07215,1.4823009e-05,5.2206552e-05,0.0,5.0984199e-05,0.0,0.0,1.4823006e-05,0.0,2.8104068e-12,1.2223526e-06
0.1,0.00477,0.07209,0.0723,1.4583134e-05,4.0334425e-05,0.0,3.9186507e-05,0.0,0.0,1.4583131e-05,0.0,2.4175321e-12,1.1479187e-06
0.1,0.00475,0.07224,0.07245,1.4345839e-05,2.8633353e-05,0.0,2.7555677e-05,0.0,0.0,1.4345837e-05,0.0,2.0784076e-12,1.0776758e-06
0.1,0.00473,0.07239,0.0726,1.4111118e-05,1.7102431e-05,0.0,1.609102e-05,0.0,0.0,1.4111116e-05,0.0,1.7858484e-12,1.0114107e-06
0.1,0.00471,0.07254,0.07275,1.387896e-05,5.7407741e-06,0.0,4.7918548e-06,0.0,0.0,1.3878958e-05,0.0,1.5336062e-12,9.4891936e-07
0.1,0.00469,0.07269,0.0729,1.3649357e-05,8.9000708e-07,0.0,0.0,0.0,0.0,1.3649356e-05,0.0,1.3162504e-12,8.9000708e-07
0.1,0.00466,0.07284,0.07305,1.34223e-05,8.3448777e-07,0.0,0.0,0.0,0.0,1.3422299e-05,0.0,1.129064e-12,8.3448777e-07
0.1,0.00464,0.07299,0.0732,1.319778e-05,7.8218387e-07,0.0,0.0,0.0,0.0,1.3197779e-05,0.0,9.6795227e-13,7.8218387e-07
0.1,0.00462,0.07314,0.07335,1.2975785e-05,7.3292593e-07,0.0,0.0,0.0,0.0,1.2975784e-05,0.0,8.2936306e-13,7.3292593e-07
0.1,0.0046,0.07329,0.0735,1.2756307e-05,6.8655236e-07,0.0,0.0,0.0,0.0,1.2756307e-05,0.0,7.1021654e-13,6.8655236e-07
0.1,0.00458,0.07345,0.07365,1.2539336e-05,6.4290912e-07,0.0,0.0,0.0,0.0,1.2539335e-05,0.0,6.0784411e-13,6.4290912e-07
0.1,0.00455,0.0736,0.0738,1.232486e-05,6.0184941e-07,0.0,0.0,0.0,0.0,1.232486e-05,0.0,5.199349e-13,6.0184941e-07
0.1,0.00453,0.07375,0.07395,1.211287e-05,5.6323343e-07,0.0,0.0,0.0,0.0,1.2112869e-05,0.0,4.4448902e-13,5.6323343e-07
0.1,0.00451,0.0739,0.0741,1.1903353e-05,5.2692807e-07,0.0,0.0,0.0,0.0,1.1903353e-05,0.0,3.7977679e-13,5.2692807e-07
0.1,0.00449,0.07405,0.07425,1.16963e-05,4.9280664e-07,0.0,0.0,0.0,0.0,1.1696299e-05,0.0,3.243031e-13,4.9280664e-07
0.1,0.00446,0.0742,0.0744,1.1491698e-05,4.6074867e-07,0.0,0.0,0.0,0.0,1.1491698e-05,0.0,2.767764e-13,4.6074867e-07
0.1,0.00444,0.07435,0.07455,1.1289536e-05,4.3063956e-07,0.0,0.0,0.0,0.0,1.1289536e-05,0.0,2.3608168e-13,4.3063956e-07
0.1,0.00442,0.0745,0.0747,1.1089803e-05,4.0237044e-07,0.0,0.0,0.0,0.0,1.1089803e-05,0.0,2.0125691e-13,4.0237044e-07
0.1,0.0044,0.07465,0.07485,1.0892486e-05,3.7583783e-07,0.0,0.0,0.0,0.0,1.0892486e-05,0.0,1.7147253e-13,3.7583783e-07
0.1,0.00437,0.0748,0.075,1.0697573e-05,3.509435e-07,0.0,0.0,0.0,0.0,1.0697573e-05,0.0,1.4601369e-13,3.509435e-07
0.1,0.00435,0.07496,0.07515,1.0505052e-05,3.275942e-07,0.0,0.0,0.0,0.0,1.0505052e-05,0.0,1.2426471e-13,3.275942e-07
0.1,0.00433,0.07511,0.0753,1.031491e-05,3.0570144e-07,0.0,0.0,0.0,0.0,1.031491e-05,0.0,1.056957e-13,3.0570144e-07
0.1,0.00431,0.07526,0.07545,1.0127135e-05,2.8518129e-07,0.0,0.0,0.0,0.0,1.0127135e-05,0.0,8.9850811e-14,2.8518129e-07
0.1,0.00428,0.07541,0.0756,9.9417129e-06,2.6595419e-07,0.0,0.0,0.0,0.0,9.9417129e-06,0.0,7.6338198e-14,2.6595419e-07
0.1,0.00426,0.07556,0.07575,9.7586316e-06,2.4794474e-07,0.0,0.0,0.0,0.0,9.7586316e-06,0.0,6.4821192e-14,2.4794474e-07
0.1,0.00424,0.07571,0.0759,9.5778776e-06,2.3108152e-07,0.0,0.0,0.0,0.0,9.5778775e-06,0.0,5.5010717e-14,2.3108152e-07
0.1,0.00422,0.07586,0.07605,9.3994374e-06,2.152969e-07,0.0,0.0,0.0,0.0,9.3994373e-06,0.0,4.6658716e-14,2.152969e-07
0.1,0.00419,0.07601,0.0762,9.2232974e-06,2.0052687e-07,0.0,0.0,0.0,0.0,9.2232974e-06,0.0,3.9552453e-14,2.0052687e-07
0.1,0.00417,0.07616,0.07635,9.049444e-06,1.8671088e-07,0.0,0.0,0.0,0.0,9.049444e-06,0.0,3.3509599e-14,1.8671088e-07
0.1,0.00415,0.07631,0.0765,8.8778633e-06,1.7379165e-07,0.0,0.0,0.0,0.0,8.8778632e-06,0.0,2.8373975e-14,1.7379165e-07
0.1,0.00412,0.07647,0.07665,8.7085412e-06,1.6171503e-07,0.0,0.0,0.0,0.0,8.7085412e-06,0.0,2.4011886e-14,1.6171503e-07
0.1,0.0041,0.07662,0.0768,8.5414636e-06,1.5042983e-07,0.0,0.0,0.0,0.0,8.5414636e-06,0.0,0.0,1.5042983e-07
0.1,0.00408,0.07677,0.07695,8.3766162e-06,1.3988782e-07,0.0,0.0,0.0,0.0,8.3766162e-06,0.0,0.0,1.3988782e-07
0.1,0.00406,0.07692,0.0771,8.2139846e-06,1.3004332e-07,0.0,0.0,0.0,0.0,8.2139846e-06,0.0,0.0,1.3004332e-07
0.1,0.00403,0.07707,0.07725,8.0535542e-06,1.2085327e-07,0.0,0.0,0.0,0.0,8.0535542e-06,0.0,0.0,1.2085327e-07
0.1,0.00401,0.07722,0.0774,7.8953104e-06,1.1227704e-07,0.0,0.0,0.0,0.0,7.8953104e-06,0.0,0.0,1.1227704e-07
0.1,0.00399,0.07737,0.07755,7.7392384e-06,1.0427631e-07,0.0,0.0,0.0,0.0,7.7392384e-06,0.0,0.0,1.0427631e-07
0.1,0.00396,0.07752,0.0777,7.5853233e-06,9.6814986e-08,0.0,0.0,0.0,0.0,7.5853233e-06,0.0,0.0,9.6814986e-08
0.1,0.00394,0.07767,0.07785,7.43355e-06,8.9859021e-08,0.0,0.0,0.0,0.0,7.43355e-06,0.0,0.0,8.9859021e-08
0.1,0.00392,0.07782,0.078,7.2839035e-06,8.3376364e-08,0.0,0.0,0.0,0.0,7.2839035e-06,0.0,0.0,8.3376364e-08
0.1,0.00389,0.07798,0.07815,7.1363685e-06,7.7336834e-08,0.0,0.0,0.0,0.0,7.1363685e-06,0.0,0.0,7.7336834e-08
0.1,0.00387,0.07813,0.0783,6.9909298e-06,7.1712025e-08,0.0,0.0,0.0,0.0,6.9909298e-06,0.0,0.0,7.1712025e-08
0.1,0.00385,0.07828,0.07845,6.8475719e-06,6.6475214e-08,0.0,0.0,0.0,0.0,6.8475719e-06,0.0,0.0,6.6475214e-08
0.1,0.00382,0.07843,0.0786,6.7062793e-06,6.1601268e-08,0.0,0.0,0.0,0.0,6.7062793e-06,0.0,0.0,6.1601268e-08
0.1,0.0038,0.07858,0.07875,6.5670365e-06,5.7066561e-08,0.0,0.0,0.0,0.0,6.5670365e-06,0.0,0.0,5.7066561e-08
0.1,0.00377,0.07873,0.0789,6.4298277e-06,5.2848893e-08,0.0,0.0,0.0,0.0,6.4298277e-06,0.0,0.0,5.2848893e-08
0.1,0.00375,0.07888,0.07905,6.2946373e-06,4.8927409e-08,0.0,0.0,0.0,0.0,6.2946373e-06,0.0,0.0,4.8927409e-08
0.1,0.00373,0.07903,0.0792,6.1614495e-06,4.528253e-08,0.0,0.0,0.0,0.0,6.1614495e-06,0.0,0.0,4.528253e-08
0.1,0.0037,0.07918,0.07935,6.0302483e-06,4.1895875e-08,0.0,0.0,0.0,0.0,6.0302483e-06,0.0,0.0,4.1895875e-08
0.1,0.00368,0.07934,0.0795,5.9010178e-06,3.8750201e-08,0.0,0.0,0.0,0.0,5.9010178e-06,0.0,0.0,3.8750201e-08
0.1,0.00366,0.07949,0.07965,5.7737421e-06,3.5829337e-08,0.0,0.0,0.0,0.0,5.7737421e-06,0.0,0.0,3.5829337e-08
0.1,0.00363,0.07964,0.0798,5.648405e-06,3.3118121e-08,0.0,0.0,0.0,0.0,5.648405e-06,0.0,0.0,3.3118121e-08
0.1,0.00361,0.07979,0.07995,5.5249904e-06,3.0602346e-08,0.0,0.0,0.0,0.0,5.5249904e-06,0.0,0.0,3.0602346e-08
0.1,0.00358,0.07994,0.0801,5.4034822e-06,2.82687e-08,0.0,0.0,0.0,0.0,5.4034822e-06,0.0,0.0,2.82687e-08
0.1,0.00356,0.08009,0.08025,5.2838641e-06,2.610472e-08,0.0,0.0,0.0,0.0,5.2838641e-06,0.0,0.0,2.610472e-08
0.1,0.00354,0.08024,0.0804,5.1661199e-06,2.409874e-08,0.0,0.0,0.0,0.0,5.1661199e-06,0.0,0.0,2.409874e-08
0.1,0.00351,0.08039,0.08055,5.0502333e-06,2.2239843e-08,0.0,0.0,0.0,0.0,5.0502333e-06,0.0,0.0,2.2239843e-08
0.1,0.00349,0.08054,0.0807,4.9361879e-06,2.0517817e-08,0.0,0.0,0.0,0.0,4.9361879e-06,0.0,0.0,2.0517817e-08
0.1,0.00346,0.0807,0.08085,4.8239673e-06,1.8923117e-08,0.0,0.0,0.0,0.0,4.8239673e-06,0.0,0.0,1.8923117e-08
0.1,0.00344,0.08085,0.081,4.7135552e-06,1.7446819e-08,0.0,0.0,0.0,0.0,4.7135552e-06,0.0,0.0,1.7446819e-08
0.1,0.00341,0.081,0.08115,4.6049352e-06,1.6080587e-08,0.0,0.0,0.0,0.0,4.6049352e-06,0.0,0.0,1.6080587e-08
0.1,0.00339,0.08115,0.0813,4.4980906e-06,1.4816635e-08,0.0,0.0,0.0,0.0,4.4980906e-06,0.0,0.0,1.4816635e-08
0.1,0.00337,0.0813,0.08145,4.3930051e-06,1.3647696e-08,0.0,0.0,0.0,0.0,4.3930051e-06,0.0,0.0,1.3647696e-08
0.1,0.00334,0.08145,0.0816,4.2896623e-06,1.2566985e-08,0.0,0.0,0.0,0.0,4.2896623e-06,0.0,0.0,1.2566985e-08
0.1,0.00332,0.0816,0.08175,4.1880454e-06,1.1568177e-08,0.0,0.0,0.0,0.0,4.1880454e-06,0.0,0.0,1.1568177e-08
0.1,0.00329,0.08175,0.0819,4.0881381e-06,1.064537e-08,0.0,0.0,0.0,0.0,4.0881381e-06,0.0,0.0,1.064537e-08
0.1,0.00327,0.0819,0.08205,3.9899238e-06,9.7930652e-09,0.0,0.0,0.0,0.0,3.9899238e-06,0.0,0.0,9.7930652e-09
0.1,0.00324,0.08205,0.0822,3.8933859e-06,9.0061367e-09,0.0,0.0,0.0,0.0,3.8933859e-06,0.0,0.0,9.0061367e-09
0.1,0.00322,0.08221,0.08235,3.798508e-06,8.2798113e-09,0.0,0.0,0.0,0.0,3.798508e-06,0.0,0.0,8.2798113e-09
0.1,0.00319,0.08236,0.0825,3.7052734e-06,7.6096443e-09,0.0,0.0,0.0,0.0,3.7052734e-06,0.0,0.0,7.6096443e-09
0.1,0.00317,0.08251,0.08265,3.8267519e-06,8.5819971e-09,0.0,0.0,2.1308621e-07,1.5904986e-09,3.6136657e-06,0.0,0.0,6.9914985e-09
0.1,0.00314,0.08266,0.0828,3.7372576e-06,8.0417655e-09,0.0,0.0,2.1358946e-07,1.6202404e-09,3.5236682e-06,0.0,0.0,6.4215251e-09
0.1,0.00312,0.08281,0.08295,3.6493343e-06,7.5455719e-09,0.0,0.0,2.1406989e-07,1.6494277e-09,3.4352644e-06,0.0,0.0,5.8961441e-09
0.1,0.00309,0.08296,0.0831,3.5629686e-06,7.0901479e-09,0.0,0.0,2.1453064e-07,1.6781205e-09,3.3484379e-06,0.0,0.0,5.4120274e-09
0.1,0.00307,0.08311,0.08325,3.4781465e-06,6.672452e-09,0.0,0.0,2.1497435e-07,1.7063703e-09,3.2631722e-06,0.0,0.0,4.9660817e-09
0.1,0.00304,0.08326,0.0834,3.6576353e-06,8.2623784e-09,0.0,0.0,4.7818471e-07,3.7069449e-09,3.1794506e-06,0.0,0.0,4.5554335e-09
0.1,0.00302,0.08341,0.08355,3.5764933e-06,7.949898e-09,0.0,0.0,4.7923656e-07,3.7724839e-09,3.0972568e-06,0.0,0.0,4.1774141e-09
0.1,0.00299,0.08357,0.0837,3.4968212e-06,7.6664885e-09,0.0,0.0,4.8024691e-07,3.8369423e-09,3.0165743e-06,0.0,0.0,3.8295462e-09
0.1,0.00297,0.08372,0.08385,3.418608e-06,7.4099647e-09,0.0,0.0,4.8122142e-07,3.9004339e-09,2.9373866e-06,0.0,0.0,3.5095308e-09
0.1,0.00294,0.08387,0.084,3.3418422e-06,7.1782916e-09,0.0,0.0,4.8216485e-07,3.9630564e-09,2.8596774e-06,0.0,0.0,3.2152352e-09
0.1,0.00292,0.08402,0.08415,3.2665115e-06,6.9695766e-09,0.0,0.0,4.8308121e-07,4.0248947e-09,2.7834302e-06,0.0,0.0,2.944682e-09
0.1,0.00289,0.08417,0.0843,3.516059e-06,9.2655113e-09,0.0,0.0,8.0743014e-07,6.5694735e-09,2.7086288e-06,0.0,0.0,2.6960378e-09
0.1,0.00287,0.08432,0.08445,3.4443195e-06,9.1450235e-09,0.0,0.0,8.0906265e-07,6.6774193e-09,2.6352568e-06,0.0,0.0,2.4676042e-09
0.1,0.00284,0.08447,0.0846,3.3739409e-06,9.0416803e-09,0.0,0.0,8.1064303e-07,6.7838726e-09,2.5632979e-06,0.0,0.0,2.2578078e-09
0.1,0.00282,0.08462,0.08475,3.3049142e-06,8.9541751e-09,0.0,0.0,8.1217828e-07,6.8889835e-09,2.4927359e-06,0.0,0.0,2.0651916e-09
0.1,0.00279,0.08478,0.0849,3.2372288e-06,8.8812901e-09,0.0,0.0,8.1367431e-07,6.9928829e-09,2.4235545e-06,0.0,0.0,1.8884072e-09
0.1,0.00277,0.08493,0.08505,3.566325e-06,1.1874383e-08,0.0,0.0,1.2105874e-06,1.0148176e-08,2.3557376e-06,0.0,0.0,1.726207e-09
0.1,0.00274,0.08508,0.0852,3.5022392e-06,1.1887583e-08,0.0,0.0,1.2129701e-06,1.0310147e-08,2.2892691e-06,0.0,0.0,1.5774369e-09
0.1,0.00272,0.08523,0.08535,3.4394152e-06,1.1911021e-08,0.0,0.0,1.2152823e-06,1.0469991e-08,2.2241329e-06,0.0,0.0,1.44103e-09
0.1,0.00269,0.08538,0.0855,3.3778465e-06,1.1943926e-08,0.0,0.0,1.2175336e-06,1.0627926e-08,2.1603129e-06,0.0,0.0,1.3160002e-09
0.1,0.00266,0.08553,0.08565,3.3175253e-06,1.1985575e-08,0.0,0.0,1.2197322e-06,1.0784138e-08,2.0977931e-06,0.0,0.0,1.2014364e-09
0.1,0.00264,0.08568,0.0858,3.2584426e-06,1.203529e-08,0.0,0.0,1.2218849e-06,1.0938793e-08,2.0365577e-06,0.0,0.0,1.0964971e-09
0.1,0.00261,0.08583,0.08595,3.6831398e-06,1.5902247e-08,0.0,0.0,1.7065491e-06,1.4901842e-08,1.9765907e-06,0.0,0.0,1.0004055e-09
0.1,0.00259,0.08598,0.0861,3.6276293e-06,1.6040579e-08,0.0,0.0,1.7097531e-06,1.5128135e-08,1.9178763e-06,0.0,0.0,9.124447e-10
0.1,0.00256,0.08614,0.08625,3.5732761e-06,1.6183765e-08,0.0,0.0,1.7128774e-06,1.5351812e-08,1.8603987e-06,0.0,0.0,8.3195319e-10
0.1,0.00254,0.08629,0.0864,3.5200753e-06,1.6331458e-08,0.0,0.0,1.7159331e-06,1.5573137e-08,1.8041422e-06,0.0,0.0,7.5832103e-10
0.1,0.00251,0.08644,0.08655,3.4680205e-06,1.6483325e-08,0.0,0.0,1.7189294e-06,1.5792339e-08,1.7490912e-06,0.0,0.0,6.9098587e-10
0.1,0.00248,0.08659,0.0867,4.0019727e-06,2.1279822e-08,0.0,0.0,2.3067427e-06,2.0650392e-08,1.69523e-06,0.0,0.0,6.2942949e-10
0.1,0.00246,0.08674,0.08685,3.9535786e-06,2.1532485e-08,0.0,0.0,2.3110355e-06,2.0959311e-08,1.642543e-06,0.0,0.0,5.7317449e-10
0.1,0.00243,0.08689,0.087,3.9062406e-06,2.1786513e-08,0.0,0.0,2.3152257e-06,2.1264731e-08,1.591015e-06,0.0,0.0,5.2178125e-10
0.1,0.0024,0.08704,0.08715,3.8599581e-06,2.2041865e-08,0.0,0.0,2.3193278e-06,2.156702e-08,1.5406303e-06,0.0,0.0,4.7484506e-10
0.1,0.00238,0.08719,0.0873,3.814728e-06,2.2298494e-08,0.0,0.0,2.3233542e-06,2.1866501e-08,1.4913737e-06,0.0,0.0,4.3199349e-10
0.1,0.00235,0.08734,0.08745,3.7705454e-06,2.2556345e-08,0.0,0.0,2.3273154e-06,2.2163461e-08,1.44323e-06,0.0,0.0,3.9288398e-10
0.1,0.00233,0.0875,0.0876,4.434917e-06,2.8558035e-08,0.0,0.0,3.0387332e-06,2.8200834e-08,1.3961838e-06,0.0,0.0,3.5720148e-10
0.1,0.0023,0.08765,0.08775,4.3944422e-06,2.8932431e-08,0.0,0.0,3.0442222e-06,2.8607775e-08,1.3502201e-06,0.0,0.0,3.2465642e-10
0.1,0.00227,0.0878,0.0879,4.354923e-06,2.9305639e-08,0.0,0.0,3.0495992e-06,2.9010657e-08,1.3053238e-06,0.0,0.0,2.9498271e-10
0.1,0.00225,0.08795,0.08805,4.3163605e-06,2.9677876e-08,0.0,0.0,3.0548806e-06,2.940994e-08,1.2614799e-06,0.0,0.0,2.6793591e-10
0.1,0.00222,0.0881,0.0882,4.2787535e-06,3.0049335e-08,0.0,0.0,3.0600801e-06,2.9806044e-08,1.2186735e-06,0.0,0.0,2.4329159e-10
0.1,0.00219,0.08825,0.08835,5.0922303e-06,3.7353054e-08,0.0,0.0,3.9153405e-06,3.713221e-08,1.1768897e-06,0.0,0.0,2.2084372e-10
0.1,0.00217,0.0884,0.0885,5.0585208e-06,3.7865701e-08,0.0,0.0,3.9224069e-06,3.7665297e-08,1.1361139e-06,0.0,0.0,2.0040327e-10
0.1,0.00214,0.08855,0.08865,5.0256633e-06,3.8375126e-08,0.0,0.0,3.929332e-06,3.8193329e-08,1.0963313e-06,0.0,0.0,1.8179684e-10
0.1,0.00211,0.08871,0.0888,4.9936642e-06,3.8881855e-08,0.0,0.0,3.9361369e-06,3.871699e-08,1.0575273e-06,0.0,0.0,1.6486544e-10
0.1,0.00209,0.08886,0.08895,4.9625268e-06,3.938638e-08,0.0,0.0,3.9428394e-06,3.9236916e-08,1.0196874e-06,0.0,0.0,1.4946335e-10
0.1,0.00206,0.08901,0.0891,4.9322519e-06,3.9889176e-08,0.0,0.0,3.9494547e-06,3.9753719e-08,9.8279719e-07,0.0,0.0,1.3545703e-10
0.1,0.00203,0.08916,0.08925,5.922331e-06,4.8896769e-08,0.0,0.0,4.9754887e-06,4.8774045e-08,9.4684226e-07,0.0,0.0,1.2272419e-10
0.1,0.00201,0.08931,0.0894,5.8960941e-06,4.956992e-08,0.0,0.0,4.9842857e-06,4.9458767e-08,9.1180835e-07,0.0,0.0,1.1115283e-10
0.1,0.00198,0.08946,0.08955,5.8706138e-06,5.0239366e-08,0.0,0.0,4.9929325e-06,5.0138725e-08,8.7768129e-07,0.0,0.0,1.0064047e-10
0.1,0.00195,0.08961,0.0897,5.8458991e-06,5.0906048e-08,0.0,0.0,5.0014522e-06,5.0814954e-08,8.4444697e-07,0.0,0.0,9.1093315e-11
0.1,0.00193,0.08976,0.08985,5.8219555e-06,5.1570912e-08,0.0,0.0,5.0098641e-06,5.1488487e-08,8.1209136e-07,0.0,0.0,8.2425598e-11
0.1,0.0019,0.08992,0.09,7.0132165e-06,6.2412925e-08,0.0,0.0,6.2326159e-06,6.2338366e-08,7.8060054e-07,0.0,0.0,7.455889e-11
0.1,0.00187,0.09007,0.09015,6.9936279e-06,6.3289692e-08,0.0,0.0,6.2436672e-06,6.3222271e-08,7.4996068e-07,0.0,0.0,6.7421513e-11
0.1,0.00185,0.09022,0.0903,6.9746895e-06,6.416326e-08,0.0,0.0,6.2545314e-06,6.4102312e-08,7.2015802e-07,0.0,0.0,6.0947975e-11
0.1,0.00182,0.09037,0.09045,6.9564174e-06,6.5035369e-08,0.0,0.0,6.2652385e-06,6.498029e-08,6.911789e-07,0.0,0.0,5.5078459e-11
0.1,0.00179,0.09052,0.0906,6.938823e-06,6.5907832e-08,0.0,0.0,6.2758133e-06,6.5858073e-08,6.6300974e-07,0.0,0.0,4.9758352e-11
0.1,0.00176,0.09067,0.09075,6.9219144e-06,6.6782581e-08,0.0,0.0,6.2862773e-06,6.6737643e-08,6.3563708e-07,0.0,0.0,4.493781e-11
0.1,0.00174,0.09082,0.0909,8.349441e-06,8.004357e-08,0.0,0.0,7.7403935e-06,8.0002999e-08,6.0904752e-07,0.0,0.0,4.0571356e-11
0.1,0.00171,0.09097,0.09105,8.337144e-06,8.1184638e-08,0.0,0.0,7.7539162e-06,8.1148021e-08,5.8322777e-07,0.0,0.0,3.6617512e-11
0.1,0.00168,0.09112,0.0912,8.3254102e-06,8.2329866e-08,0.0,0.0,7.7672455e-06,8.2296827e-08,5.5816464e-07,0.0,0.0,3.3038463e-11
0.1,0.00166,0.09128,0.09135,8.3142586e-06,8.3482793e-08,0.0,0.0,7.7804136e-06,8.3452993e-08,5.3384501e-07,0.0,0.0,2.9799744e-11
0.1,0.00163,0.09143,0.0915,8.3037034e-06,8.46473e-08,0.0,0.0,7.7934475e-06,8.462043e-08,5.1025588e-07,0.0,0.0,2.6869952e-11
0.1,0.0016,0.09158,0.09165,9.998725e-06,1.0051298e-07,0.0,0.0,9.5113407e-06,1.0048876e-07,4.8738433e-07,0.0,0.0,2.422049e-11
0.1,0.00157,0.09173,0.0918,9.9932559e-06,1.0202598e-07,0.0,0.0,9.5280384e-06,1.0200415e-07,4.6521755e-07,0.0,0.0,2.1825321e-11
0.1,0.00155,0.09188,0.09195,9.9882422e-06,1.0355864e-07,0.0,0.0,9.5444994e-06,1.0353898e-07,4.4374282e-07,0.0,0.0,1.9660747e-11
0.1,0.00152,0.09203,0.0921,9.9837123e-06,1.051181e-07,0.0,0.0,9.5607648e-06,1.051004e-07,4.2294751e-07,0.0,0.0,1.7705208e-11
0.1,0.00149,0.09218,0.09225,9.9796885e-06,1.0671233e-07,0.0,0.0,9.5768694e-06,1.0669639e-07,4.0281909e-07,0.0,0.0,1.5939097e-11
0.1,0.00146,0.09233,0.0924,9.9761875e-06,1.083504e-07,0.0,0.0,9.5928424e-06,1.0833605e-07,3.8334515e-07,0.0,0.0,1.4344586e-11
0.1,0.00143,0.09249,0.09255,1.1982561e-05,1.2775719e-07,0.0,0.0,1.1618048e-05,1.2774428e-07,3.6451336e-07,0.0,0.0,1.2905475e-11
0.1,0.00141,0.09264,0.0927,1.1984548e-05,1.2988642e-07,0.0,0.0,1.1638236e-05,1.2987481e-07,3.4631149e-07,0.0,0.0,1.1607043e-11
0.1,0.00138,0.09279,0.09285,1.1986917e-05,1.3208798e-07,0.0,0.0,1.1658189e-05,1.3207754e-07,3.2872741e-07,0.0,0.0,1.0435922e-11
0.1,0.00135,0.09294,0.093,1.1989701e-05,1.3437873e-07,0.0,0.0,1.1677952e-05,1.3436935e-07,3.1174909e-07,0.0,0.0,9.3799747e-12
0.1,0.00132,0.09309,0.09315,1.1992925e-05,1.3677803e-07,0.0,0.0,1.169756e-05,1.367696e-07,2.9536462e-07,0.0,0.0,8.4281865e-12
0.1,0.0013,0.09324,0.0933,1.4349058e-05,1.6013485e-07,0.0,0.0,1.4069496e-05,1.6012728e-07,2.7956217e-07,0.0,0.0,7.5705637e-12
0.1,0.00127,0.09339,0.09345,1.4358439e-05,1.6327108e-07,0.0,0.0,1.4094109e-05,1.6326429e-07,2.6433003e-07,0.0,0.0,6.798043e-12
0.1,0.00124,0.09354,0.0936,1.43681e-05,1.6658504e-07,0.0,0.0,1.4118443e-05,1.6657894e-07,2.4965656e-07,0.0,0.0,6.1024074e-12
0.1,0.00121,0.0937,0.09375,1.4378083e-05,1.701133e-07,0.0,0.0,1.4142553e-05,1.7010783e-07,2.3553027e-07,0.0,0.0,5.4762098e-12
0.1,0.00118,0.09385,0.0939,1.4388425e-05,1.738984e-07,0.0,0.0,1.4166486e-05,1.7389349e-07,2.2193974e-07,0.0,0.0,4.9127035e-12
0.1,0.00115,0.094,0.09405,1.4399156e-05,1.7798996e-07,0.0,0.0,1.4190282e-05,1.7798555e-07,2.0887366e-07,0.0,0.0,4.4057781e-12
0.1,0.00113,0.09415,0.0942,1.7158694e-05,2.0735908e-07,0.0,0.0,1.6962373e-05,2.0735513e-07,1.9632083e-07,0.0,0.0,3.9499015e-12
0.1,0.0011,0.0943,0.09435,1.7176174e-05,2.127784e-07,0.0,0.0,1.6991903e-05,2.1277486e-07,1.8427017e-07,0.0,0.0,3.540067e-12
0.1,0.00107,0.09445,0.0945,1.7193887e-05,2.1870125e-07,0.0,0.0,1.7021177e-05,2.1869808e-07,1.7271067e-07,0.0,0.0,3.171745e-12
0.1,0.00104,0.0946,0.09465,1.7211884e-05,2.2522429e-07,0.0,0.0,1.7050253e-05,2.2522145e-07,1.6163145e-07,0.0,0.0,2.8408389e-12
0.1,0.00101,0.09475,0.0948,1.7230205e-05,2.324615e-07,0.0,0.0,1.7079183e-05,2.3245896e-07,1.5102174e-07,0.0,0.0,2.5436451e-12
0.1,0.00098,0.09491,0.09495,2.043892e-05,2.6958708e-07,0.0,0.0,2.0298049e-05,2.695848e-07,1.4087086e-07,0.0,0.0,2.2768162e-12
0.1,0.00096,0.09506,0.0951,2.0464919e-05,2.7932201e-07,0.0,0.0,2.0333751e-05,2.7931997e-07,1.3116826e-07,0.0,0.0,2.0373281e-12
0.1,0.00093,0.09521,0.09525,2.0491071e-05,2.9024655e-07,0.0,0.0,2.0369167e-05,2.9024473e-07,1.2190347e-07,0.0,0.0,1.8224496e-12
0.1,0.0009,0.09536,0.0954,2.051744e-05,3.0259116e-07,0.0,0.0,2.0404374e-05,3.0258953e-07,1.1306616e-07,0.0,0.0,1.6297148e-12
0.1,0.00087,0.09551,0.09555,2.0544084e-05,3.1663084e-07,0.0,0.0,2.0439437e-05,3.1662938e-07,1.0464609e-07,0.0,0.0,1.4568982e-12
0.1,0.00084,0.09566,0.0957,2.0571047e-05,3.3269457e-07,0.0,0.0,2.0474414e-05,3.3269327e-07,9.6633124e-08,0.0,0.0,1.3019921e-12
0.1,0.00081,0.09581,0.09585,2.4293194e-05,3.8566628e-07,0.0,0.0,2.4204177e-05,3.8566512e-07,8.9017256e-08,0.0,0.0,1.1631856e-12
0.1,0.00078,0.09596,0.096,2.4328731e-05,4.078296e-07,0.0,0.0,2.4246942e-05,4.0782857e-07,8.1788579e-08,0.0,0.0,1.038846e-12
0.1,0.00076,0.09612,0.09615,2.4364446e-05,4.3347774e-07,0.0,0.0,2.4289508e-05,4.3347681e-07,7.49373e-08,0.0,0.0,9.2750198e-13
0.1,0.00073,0.09627,0.0963,2.4400415e-05,4.6332269e-07,0.0,0.0,2.4331961e-05,4.6332187e-07,6.845374e-08,0.0,0.0,8.2782783e-13
0.1,0.0007,0.09642,0.09645,2.4436704e-05,4.9822985e-07,0.0,0.0,2.4374376e-05,4.9822912e-07,6.2328332e-08,0.0,0.0,7.3862959e-13
0.1,0.00067,0.09657,0.0966,2.8725282e-05,5.7929639e-07,0.0,0.0,2.866873e-05,5.7929573e-07,5.6551623e-08,0.0,0.0,6.5883228e-13
0.1,0.00064,0.09672,0.09675,2.877152e-05,6.2883652e-07,0.0,0.0,2.8720406e-05,6.2883594e-07,5.1114277e-08,0.0,0.0,5.8746842e-13
0.1,0.00061,0.09687,0.0969,2.8817952e-05,6.8751469e-07,0.0,0.0,2.8771945e-05,6.8751416e-07,4.6007073e-08,0.0,0.0,5.2366754e-13
0.1,0.00058,0.09702,0.09705,2.8864688e-05,7.5737533e-07,0.0,0.0,2.8823468e-05,7.5737487e-07,4.1220907e-08,0.0,0.0,4.6664677e-13
0.1,0.00055,0.09718,0.0972,2.8911828e-05,8.4096173e-07,0.0,0.0,2.8875081e-05,8.4096131e-07,3.6746793e-08,0.0,0.0,4.1570222e-13
0.1,0.00052,0.09733,0.09735,2.8959463e-05,9.4144982e-07,0.0,0.0,2.8926887e-05,9.4144945e-07,3.2575865e-08,0.0,0.0,3.7020126e-13
0.1,0.00049,0.09748,0.0975,3.3890597e-05,1.1123031e-06,0.0,0.0,3.3861898e-05,1.1123028e-06,2.8699377e-08,0.0,0.0,3.2957548e-13
0.1,0.00046,0.09763,0.09765,3.3949878e-05,1.2627629e-06,0.0,0.0,3.3924769e-05,1.2627626e-06,2.5108707e-08,0.0,0.0,2.9331438e-13
0.1,0.00044,0.09778,0.0978,3.4009691e-05,1.4469188e-06,0.0,0.0,3.3987896e-05,1.4469185e-06,2.1795355e-08,0.0,0.0,2.6095958e-13
0.1,0.00041,0.09793,0.09795,3.4070211e-05,1.6737017e-06,0.0,0.0,3.405146e-05,1.6737015e-06,1.8750946e-08,0.0,0.0,2.3209971e-13
0.1,0.00038,0.09808,0.0981,3.4131616e-05,1.9547665e-06,0.0,0.0,3.4115648e-05,1.9547663e-06,1.5967234e-08,0.0,0.0,2.0636564e-13
0.1,0.00035,0.09823,0.09825,3.9766463e-05,2.3766022e-06,0.0,0.0,3.9753027e-05,2.376602e-06,1.3436101e-08,0.0,0.0,1.8342629e-13
0.1,0.00032,0.09839,0.0984,3.9842598e-05,2.8322622e-06,0.0,0.0,3.9831448e-05,2.832262e-06,1.1149562e-08,0.0,0.0,1.6298485e-13
0.1,0.00029,0.09854,0.09855,3.9920107e-05,3.4457454e-06,0.0,3.0843944e-08,3.9911007e-05,3.4149013e-06,9.0997672e-09,0.0,0.0,1.4477524e-13
0.1,0.00026,0.09869,0.0987,3.9999434e-05,4.5371253e-06,0.0,3.6864506e-07,3.9992155e-05,4.1684801e-06,7.2790022e-09,0.0,0.0,1.2855908e-13
0.1,0.00023,0.09884,0.09885,4.008113e-05,5.4684687e-06,0.0,3.1186038e-07,4.007545e-05,5.1566082e-06,5.6796958e-09,0.0,0.0,1.1412286e-13
0.1,0.0002,0.09899,0.099,4.0165925e-05,6.5416098e-06,0.0,6.6765343e-08,4.0161631e-05,6.4748443e-06,4.2944212e-09,0.0,0.0,1.0127539e-13
0.1,0.00017,0.09914,0.09915,4.6604669e-05,8.5961626e-06,-0.0,0.0,4.6601553e-05,8.5961626e-06,3.1159023e-09,0.0,0.0,8.9845559e-14
0.1,0.00014,0.09929,0.0993,4.6714978e-05,1.1327451e-05,-0.0,0.0,4.6712841e-05,1.1327451e-05,2.1370188e-09,0.0,0.0,7.9680251e-14
0.1,0.00011,0.09945,0.09945,4.6834335e-05,1.5419649e-05,-0.0,0.0,4.6832984e-05,1.5419649e-05,1.3508138e-09,0.0,0.0,7.0642515e-14
0.1,8e-05,0.0996,0.0996,4.6968632e-05,2.2061752e-05,-0.0,0.0,4.6967882e-05,2.2061752e-05,7.5050305e-10,0.0,0.0,6.2609899e-14
0.1,5e-05,0.09975,0.09975,4.7131912e-05,3.4644519e-05,-0.0,0.0,4.7131583e-05,3.4644519e-05,3.2948771e-10,0.0,0.0,5.5472945e-14
0.1,2e-05,0.0999,0.0999,5.4590852e-05,7.69701e-05,-0.0,0.0,5.459077e-05,7.69701e-05,8.1372743e-11,0.0,0.0,4.9133852e-14
