qv,q2,ex,nu,RT,RL,RTQE,RLQE,RTIE,RLIE,RTE,RLE,RTNS,RLNS
0.24,0.05759,0.0,0.00258,1.35e-10,1.02e-08,0.0,0.0,0.0,0.0,0.0,0.0,1.35e-10,1.02e-08
0.24,0.05759,0.0001,0.00268,1.46e-10,1.1e-08,0.0,0.0,0.0,0.0,0.0,0.0,1.46e-10,1.1e-08
0.24,0.05759,0.0002,0.00278,1.58e-10,1.18e-08,0.0,0.0,0.0,0.0,0.0,0.0,1.58e-10,1.18e-08
0.24,0.05759,0.0003,0.00288,1.7e-10,1.27e-08,0.0,0.0,0.0,0.0,0.0,0.0,1.7e-10,1.27e-08
0.24,0.05759,0.0004,0.00298,1.84e-10,1.36e-08,0.0,0.0,0.0,0.0,0.0,0.0,1.84e-10,1.36e-08
0.24,0.05759,0.0005,0.00308,1.98e-10,1.46e-08,0.0,0.0,0.0,0.0,0.0,0.0,1.98e-10,1.46e-08
0.24,0.05759,0.0006,0.00318,2.14e-10,1.57e-08,0.0,0.0,0.0,0.0,0.0,0.0,2.14e-10,1.57e-08
0.24,0.05759,0.0007,0.00328,2.31e-10,1.68e-08,0.0,0.0,0.0,0.0,0.0,0.0,2.31e-10,1.68e-08
0.24,0.05759,0.0008,0.00338,2.49e-10,1.81e-08,0.0,0.0,0.0,0.0,0.0,0.0,2.49e-10,1.81e-08
0.24,0.05759,0.0009,0.00348,2.69e-10,1.94e-08,0.0,0.0,0.0,0.0,0.0,0.0,2.69e-10,1.94e-08
0.24,0.05759,0.001,0.00358,2.9e-10,2.08e-08,0.0,0.0,0.0,0.0,0.0,0.0,2.9e-10,2.08e-08
0.24,0.05759,0.0011,0.00368,3.12e-10,2.23e-08,0.0,0.0,0.0,0.0,0.0,0.0,3.12e-10,2.23e-08
0.24,0.05759,0.0012,0.00378,3.36e-10,2.39e-08,0.0,0.0,0.0,0.0,0.0,0.0,3.36e-10,2.39e-08
0.24,0.05758,0.0013,0.00388,3.62e-10,2.57e-08,0.0,0.0,0.0,0.0,0.0,0.0,3.62e-10,2.57e-08
0.24,0.05758,0.0014,0.00398,3.9e-10,2.75e-08,0.0,0.0,0.0,0.0,0.0,0.0,3.9e-10,2.75e-08
0.24,0.05758,0.0015,0.00408,4.2e-10,2.95e-08,0.0,0.0,0.0,0.0,0.0,0.0,4.2e-10,2.95e-08
0.24,0.05758,0.0016,0.00418,4.52e-10,3.16e-08,0.0,0.0,0.0,0.0,0.0,0.0,4.52e-10,3.16e-08
0.24,0.05758,0.0017,0.00428,4.87e-10,3.39e-08,0.0,0.0,0.0,0.0,0.0,0.0,4.87e-10,3.39e-08
0.24,0.05758,0.0018,0.00438,5.24e-10,3.63e-08,0.0,0.0,0.0,0.0,0.0,0.0,5.24e-10,3.63e-08
0.24,0.05758,0.0019,0.00448,5.64e-10,3.89e-08,0.0,0.0,0.0,0.0,0.0,0.0,5.64e-10,3.89e-08
0.24,0.05758,0.002,0.00458,6.06e-10,4.17e-08,0.0,0.0,0.0,0.0,0.0,0.0,6.06e-10,4.17e-08
0.24,0.05758,0.0021,0.00468,6.52e-10,4.47e-08,0.0,0.0,0.0,0.0,0.0,0.0,6.52e-10,4.47e-08
0.24,0.05758,0.0022,0.00478,7.01e-10,4.79e-08,0.0,0.0,0.0,0.0,0.0,0.0,7.01e-10,4.79e-08
0.24,0.05758,0.0023,0.00488,7.53e-10,5.14e-08,0.0,0.0,0.0,0.0,0.0,0.0,7.53e-10,5.14e-08
0.24,0.05758,0.0024,0.00498,8.09e-10,5.62e-08,0.0,0.0,0.0,0.0,0.0,0.0,8.09e-10,5.62e-08
0.24,0.05757,0.0025,0.00508,8.69e-10,6.65e-08,0.0,0.0,0.0,0.0,0.0,0.0,8.69e-10,6.65e-08
0.24,0.05757,0.0026,0.00518,9.33e-10,1.03e-07,0.0,0.0,0.0,0.0,0.0,0.0,9.33e-10,1.03e-07
0.24,0.05757,0.0027,0.00528,1e-09,2.56e-07,0.0,0.0,0.0,0.0,0.0,0.0,1e-09,2.56e-07
0.24,0.05757,0.0028,0.00538,1.08e-09,8.89e-07,0.0,0.0,0.0,0.0,0.0,0.0,1.08e-09,8.89e-07
0.24,0.05757,0.0029,0.00548,1.15e-09,3.32e-06,0.0,0.0,0.0,0.0,0.0,0.0,1.15e-09,3.32e-06
0.24,0.05757,0.003,0.00558,1.24e-09,1.19e-05,0.0,0.0,0.0,0.0,0.0,0.0,1.24e-09,1.19e-05
0.24,0.05757,0.0031,0.00568,1.33e-09,3.93e-05,0.0,0.0,0.0,0.0,0.0,0.0,1.33e-09,3.93e-05
0.24,0.05757,0.0032,0.00578,1.42e-09,0.00012,0.0,0.0,0.0,0.0,0.0,0.0,1.42e-09,0.00012
0.24,0.05757,0.0033,0.00588,1.53e-09,0.000336,0.0,0.0,0.0,0.0,0.0,0.0,1.53e-09,0.000336
0.24,0.05756,0.0034,0.00598,1.64e-09,0.000864,0.0,0.0,0.0,0.0,0.0,0.0,1.64e-09,0.000864
0.24,0.05756,0.0035,0.00608,1.75e-09,0.00204,0.0,0.0,0.0,0.0,0.0,0.0,1.75e-09,0.00204
0.24,0.05756,0.0036,0.00618,1.88e-09,0.0044,0.0,0.0,0.0,0.0,0.0,0.0,1.88e-09,0.0044
0.24,0.05756,0.0037,0.00628,2.01e-09,0.00872,0.0,0.0,0.0,0.0,0.0,0.0,2.01e-09,0.00872
0.24,0.05756,0.0038,0.00638,2.15e-09,0.0158,0.0,0.0,0.0,0.0,0.0,0.0,2.15e-09,0.0158
0.24,0.05756,0.0039,0.00648,2.3e-09,0.0264,0.0,0.0,0.0,0.0,0.0,0.0,2.3e-09,0.0264
0.24,0.05756,0.004,0.00658,2.47e-09,0.0403,0.0,0.0,0.0,0.0,0.0,0.0,2.47e-09,0.0403
0.24,0.05756,0.0041,0.00668,2.64e-09,0.0565,0.0,0.0,0.0,0.0,0.0,0.0,2.64e-09,0.0565
0.24,0.05755,0.0042,0.00678,2.82e-09,0.0726,0.0,0.0,0.0,0.0,0.0,0.0,2.82e-09,0.0726
0.24,0.05755,0.0043,0.00688,3.02e-09,0.0856,0.0,0.0,0.0,0.0,0.0,0.0,3.02e-09,0.0856
0.24,0.05755,0.0044,0.00698,3.23e-09,0.0925,0.0,0.0,0.0,0.0,0.0,0.0,3.23e-09,0.0925
0.24,0.05755,0.0045,0.00707,3.45e-09,0.0916,0.0,0.0,0.0,0.0,0.0,0.0,3.45e-09,0.0916
0.24,0.05755,0.0046,0.00717,3.69e-09,0.0832,0.0,0.0,0.0,0.0,0.0,0.0,3.69e-09,0.0832
0.24,0.05755,0.0047,0.00727,3.94e-09,0.0693,0.0,0.0,0.0,0.0,0.0,0.0,3.94e-09,0.0693
0.24,0.05755,0.0048,0.00737,4.21e-09,0.053,0.0,0.0,0.0,0.0,0.0,0.0,4.21e-09,0.053
0.24,0.05754,0.0049,0.00747,4.49e-09,0.0371,0.0,0.0,0.0,0.0,0.0,0.0,4.49e-09,0.0371
0.24,0.05754,0.005,0.00757,4.8e-09,0.0238,0.0,0.0,0.0,0.0,0.0,0.0,4.8e-09,0.0238
0.24,0.05754,0.0051,0.00767,5.12e-09,0.014,0.0,0.0,0.0,0.0,0.0,0.0,5.12e-09,0.014
0.24,0.05754,0.0052,0.00777,5.46e-09,0.00758,0.0,0.0,0.0,0.0,0.0,0.0,5.46e-09,0.00758
0.24,0.05754,0.0053,0.00787,5.83e-09,0.00376,0.0,0.0,0.0,0.0,0.0,0.0,5.83e-09,0.00376
0.24,0.05754,0.0054,0.00797,6.21e-09,0.00171,0.0,0.0,0.0,0.0,0.0,0.0,6.21e-09,0.00171
0.24,0.05753,0.0055,0.00807,6.62e-09,0.000711,0.0,0.0,0.0,0.0,0.0,0.0,6.62e-09,0.000711
0.24,0.05753,0.0056,0.00817,7.06e-09,0.000272,0.0,0.0,0.0,0.0,0.0,0.0,7.06e-09,0.000272
0.24,0.05753,0.0057,0.00827,7.53e-09,9.55e-05,0.0,0.0,0.0,0.0,0.0,0.0,7.53e-09,9.55e-05
0.24,0.05753,0.0058,0.00837,8.02e-09,3.1e-05,0.0,0.0,0.0,0.0,0.0,0.0,8.02e-09,3.1e-05
0.24,0.05753,0.0059,0.00847,8.54e-09,9.56e-06,0.0,0.0,0.0,0.0,0.0,0.0,8.54e-09,9.56e-06
0.24,0.05753,0.006,0.00857,9.1e-09,3.12e-06,0.0,0.0,0.0,0.0,0.0,0.0,9.1e-09,3.12e-06
0.24,0.05752,0.0061,0.00867,9.69e-09,1.7e-06,0.0,0.0,0.0,0.0,0.0,0.0,9.69e-09,1.7e-06
0.24,0.05752,0.0062,0.00877,1.03e-08,2.59e-06,0.0,0.0,0.0,0.0,0.0,0.0,1.03e-08,2.59e-06
0.24,0.05752,0.0063,0.00887,1.1e-08,6.81e-06,0.0,0.0,0.0,0.0,0.0,0.0,1.1e-08,6.81e-06
0.24,0.05752,0.0064,0.00897,1.17e-08,1.95e-05,0.0,0.0,0.0,0.0,0.0,0.0,1.17e-08,1.95e-05
0.24,0.05752,0.0065,0.00907,1.24e-08,5.39e-05,0.0,0.0,0.0,0.0,0.0,0.0,1.24e-08,5.39e-05
0.24,0.05752,0.0066,0.00917,1.32e-08,0.000138,0.0,0.0,0.0,0.0,0.0,0.0,1.32e-08,0.000138
0.24,0.05751,0.0067,0.00927,1.4e-08,0.000328,0.0,0.0,0.0,0.0,0.0,0.0,1.4e-08,0.000328
0.24,0.05751,0.0068,0.00937,1.49e-08,0.000714,0.0,0.0,0.0,0.0,0.0,0.0,1.49e-08,0.000714
0.24,0.05751,0.0069,0.00947,1.59e-08,0.00143,0.0,0.0,0.0,0.0,0.0,0.0,1.59e-08,0.00143
0.24,0.05751,0.007,0.00957,1.69e-08,0.00261,0.0,0.0,0.0,0.0,0.0,0.0,1.69e-08,0.00261
0.24,0.05751,0.0071,0.00967,1.79e-08,0.00439,0.0,0.0,0.0,0.0,0.0,0.0,1.79e-08,0.00439
0.24,0.0575,0.0072,0.00977,1.9e-08,0.00677,0.0,0.0,0.0,0.0,0.0,0.0,1.9e-08,0.00677
0.24,0.0575,0.0073,0.00987,2.02e-08,0.00957,0.0,0.0,0.0,0.0,0.0,0.0,2.02e-08,0.00957
0.24,0.0575,0.0074,0.00997,2.14e-08,0.0124,0.0,0.0,0.0,0.0,0.0,0.0,2.14e-08,0.0124
0.24,0.0575,0.0075,0.01007,2.28e-08,0.0147,0.0,0.0,0.0,0.0,0.0,0.0,2.28e-08,0.0147
0.24,0.0575,0.0076,0.01017,2.41e-08,0.0161,0.0,0.0,0.0,0.0,0.0,0.0,2.41e-08,0.0161
0.24,0.05749,0.0077,0.01027,2.56e-08,0.0161,0.0,0.0,0.0,0.0,0.0,0.0,2.56e-08,0.0161
0.24,0.05749,0.0078,0.01037,2.72e-08,0.0147,0.0,0.0,0.0,0.0,0.0,0.0,2.72e-08,0.0147
0.24,0.05749,0.0079,0.01047,2.88e-08,0.0124,0.0,0.0,0.0,0.0,0.0,0.0,2.88e-08,0.0124
0.24,0.05749,0.008,0.01057,3.06e-08,0.00953,0.0,0.0,0.0,0.0,0.0,0.0,3.06e-08,0.00953
0.24,0.05749,0.0081,0.01067,3.24e-08,0.00674,0.0,0.0,0.0,0.0,0.0,0.0,3.24e-08,0.00674
0.24,0.05748,0.0082,0.01077,3.44e-08,0.00437,0.0,0.0,0.0,0.0,0.0,0.0,3.44e-08,0.00437
0.24,0.05748,0.0083,0.01087,3.64e-08,0.00261,0.0,0.0,0.0,0.0,0.0,0.0,3.64e-08,0.00261
0.24,0.05748,0.0084,0.01097,3.86e-08,0.00146,0.0,0.0,0.0,0.0,0.0,0.0,3.86e-08,0.00146
0.24,0.05748,0.0085,0.01107,4.09e-08,0.000834,0.0,0.0,0.0,0.0,0.0,0.0,4.09e-08,0.000834
0.24,0.05748,0.0086,0.01117,4.33e-08,0.000649,0.0,0.0,0.0,0.0,0.0,0.0,4.33e-08,0.000649
0.24,0.05747,0.0087,0.01127,4.59e-08,0.0009,0.0,0.0,0.0,0.0,0.0,0.0,4.59e-08,0.0009
0.24,0.05747,0.0088,0.01137,4.87e-08,0.0017,0.0,0.0,0.0,0.0,0.0,0.0,4.87e-08,0.0017
0.24,0.05747,0.0089,0.01147,5.16e-08,0.00328,0.0,0.0,0.0,0.0,0.0,0.0,5.16e-08,0.00328
0.24,0.05747,0.009,0.01157,5.46e-08,0.00593,0.0,0.0,0.0,0.0,0.0,0.0,5.46e-08,0.00593
0.24,0.05746,0.0091,0.01167,5.79e-08,0.00988,0.0,0.0,0.0,0.0,0.0,0.0,5.79e-08,0.00988
0.24,0.05746,0.0092,0.01177,6.13e-08,0.0151,0.0,0.0,0.0,0.0,0.0,0.0,6.13e-08,0.0151
0.24,0.05746,0.0093,0.01187,6.5e-08,0.0211,0.0,0.0,0.0,0.0,0.0,0.0,6.5e-08,0.0211
0.24,0.05746,0.0094,0.01197,6.89e-08,0.0272,0.0,0.0,0.0,0.0,0.0,0.0,6.89e-08,0.0272
0.24,0.05745,0.0095,0.01207,7.3e-08,0.032,0.0,0.0,0.0,0.0,0.0,0.0,7.3e-08,0.032
0.24,0.05745,0.0096,0.01217,7.74e-08,0.0346,0.0,0.0,0.0,0.0,0.0,0.0,7.74e-08,0.0346
0.24,0.05745,0.0097,0.01227,8.21e-08,0.0343,0.0,0.0,0.0,0.0,0.0,0.0,8.21e-08,0.0343
0.24,0.05745,0.0098,0.01237,8.71e-08,0.0312,0.0,0.0,0.0,0.0,0.0,0.0,8.71e-08,0.0312
0.24,0.05744,0.0099,0.01247,9.25e-08,0.0261,0.0,0.0,0.0,0.0,0.0,0.0,9.25e-08,0.0261
0.24,0.05744,0.01,0.01257,9.81e-08,0.0201,0.0,0.0,0.0,0.0,0.0,0.0,9.81e-08,0.0201
0.24,0.05744,0.0101,0.01267,1.04e-07,0.0145,0.0,0.0,0.0,0.0,0.0,0.0,1.04e-07,0.0145
0.24,0.05744,0.0102,0.01277,1.11e-07,0.0101,0.0,0.0,0.0,0.0,0.0,0.0,1.11e-07,0.0101
0.24,0.05743,0.0103,0.01287,1.18e-07,0.00715,0.0,0.0,0.0,0.0,0.0,0.0,1.18e-07,0.00715
0.24,0.05743,0.0104,0.01297,1.25e-07,0.00574,0.0,0.0,0.0,0.0,0.0,0.0,1.25e-07,0.00574
0.24,0.05743,0.0105,0.01307,1.33e-07,0.00547,0.0,0.0,0.0,0.0,0.0,0.0,1.33e-07,0.00547
0.24,0.05743,0.0106,0.01317,1.42e-07,0.00585,0.0,0.0,0.0,0.0,0.0,0.0,1.42e-07,0.00585
0.24,0.05742,0.0107,0.01327,1.52e-07,0.00641,0.0,0.0,0.0,0.0,0.0,0.0,1.52e-07,0.00641
0.24,0.05742,0.0108,0.01337,1.62e-07,0.00675,0.0,0.0,0.0,0.0,0.0,0.0,1.62e-07,0.00675
0.24,0.05742,0.0109,0.01347,1.73e-07,0.00663,0.0,0.0,0.0,0.0,0.0,0.0,1.73e-07,0.00663
0.24,0.05742,0.011,0.01357,1.85e-07,0.00601,0.0,0.0,0.0,0.0,0.0,0.0,1.85e-07,0.00601
0.24,0.05741,0.0111,0.01367,1.98e-07,0.00502,0.0,0.0,0.0,0.0,0.0,0.0,1.98e-07,0.00502
0.24,0.05741,0.0112,0.01377,2.12e-07,0.00387,0.0,0.0,0.0,0.0,0.0,0.0,2.12e-07,0.00387
0.24,0.05741,0.0113,0.01387,2.27e-07,0.00275,0.0,0.0,0.0,0.0,0.0,0.0,2.27e-07,0.00275
0.24,0.0574,0.0114,0.01397,2.44e-07,0.00183,0.0,0.0,0.0,0.0,0.0,0.0,2.44e-07,0.00183
0.24,0.0574,0.0115,0.01407,2.63e-07,0.00115,0.0,0.0,0.0,0.0,0.0,0.0,2.63e-07,0.00115
0.24,0.0574,0.0116,0.01417,2.83e-07,0.00073,0.0,0.0,0.0,0.0,0.0,0.0,2.83e-07,0.00073
0.24,0.0574,0.0117,0.01427,3.05e-07,0.0005,0.0,0.0,0.0,0.0,0.0,0.0,3.05e-07,0.0005
0.24,0.05739,0.0118,0.01437,3.3e-07,0.000405,0.0,0.0,0.0,0.0,0.0,0.0,3.3e-07,0.000405
0.24,0.05739,0.0119,0.01447,3.56e-07,0.000395,0.0,0.0,0.0,0.0,0.0,0.0,3.56e-07,0.000395
0.24,0.05739,0.012,0.01457,3.86e-07,0.000433,0.0,0.0,0.0,0.0,0.0,0.0,3.86e-07,0.000433
0.24,0.05738,0.0121,0.01467,2.51e-06,0.003,0.0,0.0,0.0,0.0,0.0,0.0,2.51e-06,0.003
0.24,0.05738,0.0122,0.01477,2.73e-06,0.00351,0.0,0.0,0.0,0.0,0.0,0.0,2.73e-06,0.00351
0.24,0.05738,0.0123,0.01487,2.97e-06,0.0041,0.0,0.0,0.0,0.0,0.0,0.0,2.97e-06,0.0041
0.24,0.05738,0.0124,0.01497,3.23e-06,0.00474,0.0,0.0,0.0,0.0,0.0,0.0,3.23e-06,0.00474
0.24,0.05737,0.0125,0.01507,3.52e-06,0.00543,0.0,0.0,0.0,0.0,0.0,0.0,3.52e-06,0.00543
0.24,0.05737,0.0126,0.01517,3.84e-06,0.00616,0.0,0.0,0.0,0.0,0.0,0.0,3.84e-06,0.00616
0.24,0.05737,0.0127,0.01527,4.2e-06,0.00691,0.0,0.0,0.0,0.0,0.0,0.0,4.2e-06,0.00691
0.24,0.05736,0.0128,0.01537,4.6e-06,0.00767,0.0,0.0,0.0,0.0,0.0,0.0,4.6e-06,0.00767
0.24,0.05736,0.0129,0.01547,5.04e-06,0.00842,0.0,0.0,0.0,0.0,0.0,0.0,5.04e-06,0.00842
0.24,0.05736,0.013,0.01557,5.52e-06,0.00915,0.0,0.0,0.0,0.0,0.0,0.0,5.52e-06,0.00915
0.24,0.05735,0.0131,0.01567,6.06e-06,0.00984,0.0,0.0,0.0,0.0,0.0,0.0,6.06e-06,0.00984
0.24,0.05735,0.0132,0.01577,6.66e-06,0.0105,0.0,0.0,0.0,0.0,0.0,0.0,6.66e-06,0.0105
0.24,0.05735,0.0133,0.01587,7.32e-06,0.011,0.0,0.0,0.0,0.0,0.0,0.0,7.32e-06,0.011
0.24,0.05735,0.0134,0.01597,8.06e-06,0.0115,0.0,0.0,0.0,0.0,0.0,0.0,8.06e-06,0.0115
0.24,0.05734,0.0135,0.01607,8.88e-06,0.0118,0.0,0.0,0.0,0.0,0.0,0.0,8.88e-06,0.0118
0.24,0.05734,0.0136,0.01617,9.84e-06,0.012,0.0,0.0,0.0,0.0,0.0,0.0,9.84e-06,0.012
0.24,0.05734,0.0137,0.01627,1.1e-05,0.0121,0.0,0.0,0.0,0.0,0.0,0.0,1.1e-05,0.0121
0.24,0.05733,0.0138,0.01637,1.27e-05,0.0121,0.0,0.0,0.0,0.0,0.0,0.0,1.27e-05,0.0121
0.24,0.05733,0.0139,0.01647,1.56e-05,0.012,0.0,0.0,0.0,0.0,0.0,0.0,1.56e-05,0.012
0.24,0.05733,0.014,0.01656,2.12e-05,0.0118,0.0,0.0,0.0,0.0,0.0,0.0,2.12e-05,0.0118
0.24,0.05732,0.0141,0.01666,3.28e-05,0.0116,0.0,0.0,0.0,0.0,0.0,0.0,3.28e-05,0.0116
0.24,0.05732,0.0142,0.01676,5.6e-05,0.0115,0.0,0.0,0.0,0.0,0.0,0.0,5.6e-05,0.0115
0.24,0.05732,0.0143,0.01686,9.97e-05,0.0116,0.0,0.0,0.0,0.0,0.0,0.0,9.97e-05,0.0116
0.24,0.05731,0.0144,0.01696,0.000175,0.0121,0.0,0.0,0.0,0.0,0.0,0.0,0.000175,0.0121
0.24,0.05731,0.0145,0.01706,0.000294,0.0132,0.0,0.0,0.0,0.0,0.0,0.0,0.000294,0.0132
0.24,0.05731,0.0146,0.01716,0.000462,0.015,0.0,0.0,0.0,0.0,0.0,0.0,0.000462,0.015
0.24,0.0573,0.0147,0.01726,0.000675,0.0175,0.0,0.0,0.0,0.0,0.0,0.0,0.000675,0.0175
0.24,0.0573,0.0148,0.01736,0.000917,0.0203,0.0,0.0,0.0,0.0,0.0,0.0,0.000917,0.0203
0.24,0.0573,0.0149,0.01746,0.00116,0.0229,0.0,0.0,0.0,0.0,0.0,0.0,0.00116,0.0229
0.24,0.05729,0.015,0.01756,0.0014,0.0247,0.0,0.0,0.0,0.0,0.0,0.0,0.0014,0.0247
0.24,0.05729,0.0151,0.01766,0.00166,0.0253,0.0,0.0,0.0,0.0,0.0,0.0,0.00166,0.0253
0.24,0.05728,0.0152,0.01776,0.00204,0.0248,0.0,0.0,0.0,0.0,0.0,0.0,0.00204,0.0248
0.24,0.05728,0.0153,0.01786,0.00274,0.0237,0.0,0.0,0.0,0.0,0.0,0.0,0.00274,0.0237
0.24,0.05728,0.0154,0.01796,0.00401,0.0229,0.0,0.0,0.0,0.0,0.0,0.0,0.00401,0.0229
0.24,0.05727,0.0155,0.01806,0.00614,0.0234,0.0,0.0,0.0,0.0,0.0,0.0,0.00614,0.0234
0.24,0.05727,0.0156,0.01816,0.00929,0.0261,0.0,0.0,0.0,0.0,0.0,0.0,0.00929,0.0261
0.24,0.05727,0.0157,0.01826,0.0134,0.0311,0.0,0.0,0.0,0.0,0.0,0.0,0.0134,0.0311
0.24,0.05726,0.0158,0.01836,0.0181,0.0375,0.0,0.0,0.0,0.0,0.0,0.0,0.0181,0.0375
0.24,0.05726,0.0159,0.01846,0.0226,0.0441,0.0,0.0,0.0,0.0,0.0,0.0,0.0226,0.0441
0.24,0.05726,0.016,0.01856,0.0262,0.0489,0.0,0.0,0.0,0.0,0.0,0.0,0.0262,0.0489
0.24,0.05725,0.0161,0.01866,0.0282,0.0505,0.0,0.0,0.0,0.0,0.0,0.0,0.0282,0.0505
0.24,0.05725,0.0162,0.01876,0.0283,0.0484,0.0,0.0,0.0,0.0,0.0,0.0,0.0283,0.0484
0.24,0.05724,0.0163,0.01886,0.0266,0.0429,0.0,0.0,0.0,0.0,0.0,0.0,0.0266,0.0429
0.24,0.05724,0.0164,0.01896,0.0236,0.0353,0.0,0.0,0.0,0.0,0.0,0.0,0.0236,0.0353
0.24,0.05724,0.0165,0.01906,0.0199,0.0271,2.91e-05,4.62e-05,0.0,0.0,6.77e-06,0.0,0.0199,0.0271
0.24,0.05723,0.0166,0.01916,0.0164,0.02,0.000231,0.000366,0.0,0.0,5.26e-05,0.0,0.0161,0.0196
0.24,0.05723,0.0167,0.01926,0.0129,0.0143,0.000338,0.000536,0.0,0.0,7.54e-05,0.0,0.0125,0.0138
0.24,0.05723,0.0168,0.01936,0.00989,0.0104,0.000429,0.00068,0.0,0.0,9.4e-05,0.0,0.00937,0.00972
0.24,0.05722,0.0169,0.01946,0.00738,0.00806,0.000513,0.000814,0.0,0.0,0.00011,0.0,0.00676,0.00724
0.24,0.05722,0.017,0.01956,0.00543,0.00688,0.000594,0.000941,0.0,0.0,0.000126,0.0,0.00471,0.00593
0.24,0.05721,0.0171,0.01966,0.00404,0.00645,0.000672,0.00107,0.0,0.0,0.00014,0.0,0.00323,0.00539
0.24,0.05721,0.0172,0.01976,0.00323,0.00648,0.00075,0.00119,0.0,0.0,0.000154,0.0,0.00233,0.0053
0.24,0.05721,0.0173,0.01986,0.00296,0.0068,0.000827,0.00131,0.0,0.0,0.000168,0.0,0.00197,0.00548
0.24,0.0572,0.0174,0.01996,0.0032,0.00733,0.000903,0.00143,0.0,0.0,0.000181,0.0,0.00212,0.0059
0.24,0.0572,0.0175,0.02006,0.0039,0.00812,0.00098,0.00155,0.0,0.0,0.000194,0.0,0.00272,0.00656
0.24,0.05719,0.0176,0.02016,0.00498,0.00926,0.00106,0.00168,0.0,0.0,0.000207,0.0,0.00372,0.00758
0.24,0.05719,0.0177,0.02026,0.00634,0.0108,0.00114,0.0018,0.0,0.0,0.00022,0.0,0.00498,0.00905
0.24,0.05719,0.0178,0.02036,0.00778,0.0129,0.00121,0.00193,0.0,0.0,0.000233,0.0,0.00633,0.011
0.24,0.05718,0.0179,0.02046,0.0091,0.0155,0.00129,0.00205,0.0,0.0,0.000246,0.0,0.00756,0.0134
0.24,0.05718,0.018,0.02056,0.0101,0.0182,0.00137,0.00218,0.0,0.0,0.000259,0.0,0.00844,0.0161
0.24,0.05717,0.0181,0.02066,0.0105,0.0208,0.00145,0.00231,0.0,0.0,0.000272,0.0,0.00882,0.0185
0.24,0.05717,0.0182,0.02076,0.0105,0.0228,0.00153,0.00243,0.0,0.0,0.000285,0.0,0.00866,0.0204
0.24,0.05716,0.0183,0.02086,0.00998,0.0238,0.00162,0.00256,0.0,0.0,0.000298,0.0,0.00807,0.0212
0.24,0.05716,0.0184,0.02096,0.00932,0.0237,0.0017,0.0027,0.0,0.0,0.000311,0.0,0.00731,0.021
0.24,0.05716,0.0185,0.02106,0.00882,0.0226,0.00178,0.00283,0.0,0.0,0.000325,0.0,0.00671,0.0198
0.24,0.05715,0.0186,0.02116,0.00883,0.0209,0.00187,0.00296,0.0,0.0,0.000338,0.0,0.00663,0.018
0.24,0.05715,0.0187,0.02126,0.00969,0.0191,0.00195,0.0031,0.0,0.0,0.000352,0.0,0.00738,0.016
0.24,0.05714,0.0188,0.02136,0.0116,0.0175,0.00204,0.00323,0.0,0.0,0.000365,0.0,0.00918,0.0143
0.24,0.05714,0.0189,0.02146,0.0146,0.0163,0.00212,0.00337,0.0,0.0,0.000379,0.0,0.0121,0.013
0.24,0.05714,0.019,0.02156,0.0187,0.0157,0.00221,0.00351,0.0,0.0,0.000393,0.0,0.0161,0.0122
0.24,0.05713,0.0191,0.02166,0.0235,0.0157,0.0023,0.00365,0.0,0.0,0.000407,0.0,0.0208,0.012
0.24,0.05713,0.0192,0.02176,0.0285,0.016,0.00239,0.00379,0.0,0.0,0.000421,0.0,0.0257,0.0122
0.24,0.05712,0.0193,0.02186,0.0332,0.0167,0.00248,0.00394,0.0,0.0,0.000435,0.0,0.0303,0.0128
0.24,0.05712,0.0194,0.02196,0.0368,0.0178,0.00257,0.00408,0.0,0.0,0.000449,0.0,0.0338,0.0137
0.24,0.05711,0.0195,0.02206,0.0389,0.0191,0.00266,0.00423,0.0,0.0,0.000464,0.0,0.0358,0.0149
0.24,0.05711,0.0196,0.02216,0.0391,0.0206,0.00275,0.00437,0.0,0.0,0.000478,0.0,0.0359,0.0162
0.24,0.0571,0.0197,0.02226,0.0375,0.0222,0.00285,0.00452,0.0,0.0,0.000493,0.0,0.0342,0.0177
0.24,0.0571,0.0198,0.02235,0.0344,0.0236,0.00294,0.00467,0.0,0.0,0.000508,0.0,0.031,0.0189
0.24,0.0571,0.0199,0.02245,0.0304,0.0248,0.00303,0.00482,0.0,0.0,0.000523,0.0,0.0269,0.02
0.24,0.05709,0.02,0.02255,0.0263,0.0255,0.00313,0.00497,0.0,0.0,0.000538,0.0,0.0226,0.0206
0.24,0.05709,0.0201,0.02265,0.0225,0.0258,0.00322,0.00513,0.0,0.0,0.000553,0.0,0.0187,0.0207
0.24,0.05708,0.0202,0.02275,0.0195,0.0257,0.00332,0.00528,0.0,0.0,0.000569,0.0,0.0156,0.0204
0.24,0.05708,0.0203,0.02285,0.0174,0.0253,0.00342,0.00544,0.0,0.0,0.000584,0.0,0.0134,0.0199
0.24,0.05707,0.0204,0.02295,0.016,0.0248,0.00351,0.00559,0.0,0.0,0.0006,0.0,0.0119,0.0192
0.24,0.05707,0.0205,0.02305,0.0151,0.0244,0.00361,0.00575,0.0,0.0,0.000616,0.0,0.0109,0.0186
0.24,0.05706,0.0206,0.02315,0.0144,0.0241,0.00371,0.00591,0.0,0.0,0.000632,0.0,0.01,0.0181
0.24,0.05706,0.0207,0.02325,0.0136,0.0239,0.00381,0.00607,0.0,0.0,0.000648,0.0,0.00911,0.0179
0.24,0.05705,0.0208,0.02335,0.0126,0.024,0.00391,0.00623,0.0,0.0,0.000664,0.0,0.00803,0.0178
0.24,0.05705,0.0209,0.02345,0.0115,0.0242,0.00401,0.00639,0.0,0.0,0.00068,0.0,0.00683,0.0179
0.24,0.05705,0.021,0.02355,0.0104,0.0246,0.00412,0.00655,0.0,0.0,0.000697,0.0,0.00563,0.018
0.24,0.05704,0.0211,0.02365,0.00948,0.025,0.00422,0.00672,0.0,0.0,0.000714,0.0,0.00455,0.0183
0.24,0.05704,0.0212,0.02375,0.00874,0.0254,0.00432,0.00688,0.0,0.0,0.00073,0.0,0.00369,0.0186
0.24,0.05703,0.0213,0.02385,0.00825,0.0259,0.00442,0.00705,0.0,0.0,0.000747,0.0,0.00308,0.0189
0.24,0.05703,0.0214,0.02395,0.00799,0.0264,0.00453,0.00721,0.0,0.0,0.000764,0.0,0.0027,0.0191
0.24,0.05702,0.0215,0.02405,0.0079,0.0268,0.00463,0.00738,0.0,0.0,0.000781,0.0,0.00249,0.0194
0.24,0.05702,0.0216,0.02415,0.00793,0.0273,0.00474,0.00755,0.0,0.0,0.000799,0.0,0.00239,0.0197
0.24,0.05701,0.0217,0.02425,0.00803,0.0277,0.00484,0.00772,0.0,0.0,0.000816,0.0,0.00237,0.02
0.24,0.05701,0.0218,0.02435,0.00817,0.0281,0.00495,0.00789,0.0,0.0,0.000834,0.0,0.00239,0.0202
0.24,0.057,0.0219,0.02445,0.00833,0.0286,0.00506,0.00806,0.0,0.0,0.000851,0.0,0.00242,0.0205
0.24,0.057,0.022,0.02455,0.0085,0.029,0.00516,0.00823,0.0,0.0,0.000869,0.0,0.00246,0.0207
0.24,0.05699,0.0221,0.02465,0.00866,0.0294,0.00527,0.00841,0.0,0.0,0.000887,0.0,0.00251,0.021
0.24,0.05699,0.0222,0.02475,0.00883,0.0297,0.00538,0.00858,0.0,0.0,0.000905,0.0,0.00255,0.0212
0.24,0.05698,0.0223,0.02485,0.009,0.0301,0.00549,0.00876,0.0,0.0,0.000924,0.0,0.00259,0.0214
0.24,0.05698,0.0224,0.02495,0.00916,0.0305,0.0056,0.00893,0.0,0.0,0.000942,0.0,0.00262,0.0215
0.24,0.05697,0.0225,0.02505,0.00933,0.0308,0.00571,0.00911,0.0,0.0,0.00096,0.0,0.00266,0.0217
0.24,0.05697,0.0226,0.02515,0.00949,0.0311,0.00582,0.00928,0.0,0.0,0.000979,0.0,0.00269,0.0218
0.24,0.05696,0.0227,0.02525,0.00965,0.0314,0.00593,0.00946,0.0,0.0,0.000998,0.0,0.00272,0.022
0.24,0.05696,0.0228,0.02535,0.0098,0.0317,0.00604,0.00964,0.0,0.0,0.00102,0.0,0.00275,0.0221
0.24,0.05695,0.0229,0.02545,0.00996,0.032,0.00615,0.00982,0.0,0.0,0.00104,0.0,0.00277,0.0222
0.24,0.05695,0.023,0.02555,0.0101,0.0323,0.00626,0.01,0.0,0.0,0.00105,0.0,0.00279,0.0223
0.24,0.05694,0.0231,0.02565,0.0103,0.0326,0.00637,0.0102,0.0,0.0,0.00107,0.0,0.00281,0.0224
0.24,0.05694,0.0232,0.02575,0.0104,0.0328,0.00649,0.0104,0.0,0.0,0.00109,0.0,0.00282,0.0224
0.24,0.05693,0.0233,0.02585,0.0105,0.033,0.0066,0.0105,0.0,0.0,0.00111,0.0,0.00283,0.0225
0.24,0.05693,0.0234,0.02595,0.0107,0.0332,0.00671,0.0107,0.0,0.0,0.00113,0.0,0.00284,0.0225
0.24,0.05692,0.0235,0.02605,0.0108,0.0334,0.00683,0.0109,0.0,0.0,0.00115,0.0,0.00284,0.0225
0.24,0.05692,0.0236,0.02615,0.011,0.0336,0.00694,0.0111,0.0,0.0,0.00117,0.0,0.00284,0.0225
0.24,0.05691,0.0237,0.02625,0.0111,0.0338,0.00706,0.0113,0.0,0.0,0.00119,0.0,0.00283,0.0225
0.24,0.05691,0.0238,0.02635,0.0112,0.0339,0.00717,0.0115,0.0,0.0,0.00121,0.0,0.00283,0.0225
0.24,0.0569,0.0239,0.02645,0.0113,0.0341,0.00729,0.0117,0.0,0.0,0.00123,0.0,0.00282,0.0224
0.24,0.0569,0.024,0.02655,0.0115,0.0342,0.0074,0.0118,0.0,0.0,0.00125,0.0,0.0028,0.0224
0.24,0.05689,0.0241,0.02665,0.0116,0.0343,0.00752,0.012,0.0,0.0,0.00127,0.0,0.00279,0.0223
0.24,0.05688,0.0242,0.02675,0.0117,0.0344,0.00763,0.0122,0.0,0.0,0.00129,0.0,0.00277,0.0222
0.24,0.05688,0.0243,0.02684,0.0118,0.0345,0.00775,0.0124,0.0,0.0,0.00131,0.0,0.00274,0.0221
0.24,0.05687,0.0244,0.02694,0.0119,0.0346,0.00787,0.0126,0.0,0.0,0.00133,0.0,0.00272,0.022
0.24,0.05687,0.0245,0.02704,0.012,0.0347,0.00798,0.0128,0.0,0.0,0.00135,0.0,0.00269,0.0219
0.24,0.05686,0.0246,0.02714,0.0121,0.0347,0.0081,0.013,0.0,0.0,0.00138,0.0,0.00266,0.0218
0.24,0.05686,0.0247,0.02724,0.0122,0.0348,0.00822,0.0132,0.0,0.0,0.0014,0.0,0.00262,0.0216
0.24,0.05685,0.0248,0.02734,0.0123,0.0348,0.00834,0.0134,0.0,0.0,0.00142,0.0,0.00258,0.0215
0.24,0.05685,0.0249,0.02744,0.0124,0.0348,0.00846,0.0135,0.0,0.0,0.00144,0.0,0.00255,0.0213
0.24,0.05684,0.025,0.02754,0.0125,0.0349,0.00857,0.0137,0.0,0.0,0.00146,0.0,0.0025,0.0211
0.24,0.05684,0.0251,0.02764,0.0126,0.0348,0.00864,0.0139,0.0,0.0,0.00147,0.0,0.00246,0.0209
0.24,0.05683,0.0252,0.02774,0.0126,0.0347,0.00871,0.014,0.0,0.0,0.00148,0.0,0.00241,0.0208
0.24,0.05682,0.0253,0.02784,0.0126,0.0346,0.00878,0.0141,0.0,0.0,0.0015,0.0,0.00237,0.0206
0.24,0.05682,0.0254,0.02794,0.0127,0.0345,0.00884,0.0142,0.0,0.0,0.00151,0.0,0.00232,0.0204
0.24,0.05681,0.0255,0.02804,0.0127,0.0344,0.00891,0.0143,0.0,0.0,0.00152,0.0,0.00226,0.0201
0.24,0.05681,0.0256,0.02814,0.0127,0.0343,0.00898,0.0144,0.0,0.0,0.00154,0.0,0.00221,0.0199
0.24,0.0568,0.0257,0.02824,0.0128,0.0342,0.00904,0.0145,0.0,0.0,0.00155,0.0,0.00216,0.0197
0.24,0.0568,0.0258,0.02834,0.0128,0.0341,0.00911,0.0146,0.0,0.0,0.00156,0.0,0.0021,0.0195
0.24,0.05679,0.0259,0.02844,0.0128,0.034,0.00918,0.0147,0.0,0.0,0.00157,0.0,0.00205,0.0193
0.24,0.05679,0.026,0.02854,0.0128,0.0339,0.00924,0.0148,0.0,0.0,0.00159,0.0,0.00199,0.019
0.24,0.05678,0.0261,0.02864,0.0128,0.0337,0.00931,0.0149,0.0,0.0,0.0016,0.0,0.00194,0.0188
0.24,0.05677,0.0262,0.02874,0.0129,0.0336,0.00937,0.0151,0.0,0.0,0.00161,0.0,0.00188,0.0186
0.24,0.05677,0.0263,0.02884,0.0129,0.0335,0.00944,0.0152,0.0,0.0,0.00162,0.0,0.00182,0.0183
0.24,0.05676,0.0264,0.02894,0.0129,0.0334,0.0095,0.0153,0.0,0.0,0.00164,0.0,0.00176,0.0181
0.24,0.05676,0.0265,0.02904,0.0129,0.0332,0.00957,0.0154,0.0,0.0,0.00165,0.0,0.00171,0.0178
0.24,0.05675,0.0266,0.02914,0.0129,0.0331,0.00963,0.0155,0.0,0.0,0.00166,0.0,0.00165,0.0176
0.24,0.05675,0.0267,0.02924,0.013,0.033,0.00969,0.0156,0.0,0.0,0.00167,0.0,0.00159,0.0174
0.24,0.05674,0.0268,0.02934,0.013,0.0328,0.00976,0.0157,0.0,0.0,0.00169,0.0,0.00154,0.0171
0.24,0.05673,0.0269,0.02944,0.013,0.0327,0.00982,0.0158,0.0,0.0,0.0017,0.0,0.00148,0.0169
0.24,0.05673,0.027,0.02954,0.013,0.0326,0.00988,0.0159,0.0,0.0,0.00171,0.0,0.00143,0.0167
0.24,0.05672,0.0271,0.02964,0.013,0.0324,0.00994,0.016,0.0,0.0,0.00172,0.0,0.00137,0.0164
0.24,0.05672,0.0272,0.02974,0.0131,0.0323,0.01,0.0161,0.0,0.0,0.00174,0.0,0.00132,0.0162
0.24,0.05671,0.0273,0.02984,0.0131,0.0322,0.0101,0.0162,0.0,0.0,0.00175,0.0,0.00127,0.016
0.24,0.0567,0.0274,0.02994,0.0131,0.0321,0.0101,0.0163,0.0,0.0,0.00176,0.0,0.00122,0.0158
0.24,0.0567,0.0275,0.03004,0.0131,0.032,0.0102,0.0164,0.0,0.0,0.00177,0.0,0.00117,0.0156
0.24,0.05669,0.0276,0.03014,0.0132,0.0319,0.0103,0.0165,0.0,0.0,0.00179,0.0,0.00112,0.0154
0.24,0.05669,0.0277,0.03024,0.0132,0.0318,0.0103,0.0166,0.0,0.0,0.0018,0.0,0.00107,0.0152
0.24,0.05668,0.0278,0.03034,0.0132,0.0317,0.0104,0.0167,0.0,0.0,0.00181,0.0,0.00102,0.015
0.24,0.05667,0.0279,0.03044,0.0132,0.0316,0.0104,0.0168,0.0,0.0,0.00182,0.0,0.000978,0.0148
0.24,0.05667,0.028,0.03054,0.0133,0.0315,0.0105,0.0169,0.0,0.0,0.00184,0.0,0.000934,0.0146
0.24,0.05666,0.0281,0.03064,0.0133,0.0314,0.0106,0.017,0.0,0.0,0.00185,0.0,0.000892,0.0144
0.24,0.05666,0.0282,0.03073,0.0133,0.0313,0.0106,0.0171,0.0,0.0,0.00186,0.0,0.000851,0.0142
0.24,0.05665,0.0283,0.03083,0.0134,0.0312,0.0107,0.0172,0.0,0.0,0.00187,0.0,0.000812,0.014
0.24,0.05664,0.0284,0.03093,0.0134,0.0312,0.0107,0.0173,0.0,0.0,0.00188,0.0,0.000775,0.0139
0.24,0.05664,0.0285,0.03103,0.0134,0.0311,0.0108,0.0174,0.0,0.0,0.0019,0.0,0.000738,0.0137
0.24,0.05663,0.0286,0.03113,0.0135,0.0311,0.0108,0.0175,0.0,0.0,0.00191,0.0,0.000704,0.0136
0.24,0.05662,0.0287,0.03123,0.0135,0.031,0.0109,0.0176,0.0,0.0,0.00192,0.0,0.000671,0.0134
0.24,0.05662,0.0288,0.03133,0.0135,0.031,0.011,0.0177,0.0,0.0,0.00193,0.0,0.000639,0.0133
0.24,0.05661,0.0289,0.03143,0.0136,0.0309,0.011,0.0178,0.0,0.0,0.00195,0.0,0.000609,0.0131
0.24,0.05661,0.029,0.03153,0.0136,0.0309,0.0111,0.0179,0.0,0.0,0.00196,0.0,0.00058,0.013
0.24,0.0566,0.0291,0.03163,0.0137,0.0308,0.0111,0.018,0.0,0.0,0.00197,0.0,0.000552,0.0129
0.24,0.05659,0.0292,0.03173,0.0137,0.0308,0.0112,0.0181,0.0,0.0,0.00198,0.0,0.000526,0.0127
0.24,0.05659,0.0293,0.03183,0.0137,0.0308,0.0112,0.0182,0.0,0.0,0.00199,0.0,0.000502,0.0126
0.24,0.05658,0.0294,0.03193,0.0138,0.0308,0.0113,0.0183,0.0,0.0,0.00201,0.0,0.000478,0.0125
0.24,0.05657,0.0295,0.03203,0.0138,0.0308,0.0114,0.0184,0.0,0.0,0.00202,0.0,0.000456,0.0124
0.24,0.05657,0.0296,0.03213,0.0139,0.0308,0.0114,0.0184,0.0,0.0,0.00203,0.0,0.000435,0.0123
0.24,0.05656,0.0297,0.03223,0.0139,0.0308,0.0115,0.0185,0.0,0.0,0.00204,0.0,0.000416,0.0122
0.24,0.05655,0.0298,0.03233,0.014,0.0308,0.0115,0.0186,0.0,0.0,0.00205,0.0,0.000397,0.0121
0.24,0.05655,0.0299,0.03243,0.014,0.0308,0.0116,0.0187,0.0,0.0,0.00207,0.0,0.00038,0.012
0.24,0.05654,0.03,0.03253,0.0141,0.0308,0.0116,0.0188,0.0,0.0,0.00208,0.0,0.000363,0.012
0.24,0.05654,0.0301,0.03263,0.0141,0.0308,0.0117,0.0189,0.0,0.0,0.00209,0.0,0.000348,0.0119
0.24,0.05653,0.0302,0.03273,0.0142,0.0308,0.0117,0.019,0.0,0.0,0.0021,0.0,0.000334,0.0118
0.24,0.05652,0.0303,0.03283,0.0142,0.0308,0.0118,0.0191,0.0,0.0,0.00211,0.0,0.000321,0.0117
0.24,0.05652,0.0304,0.03293,0.0143,0.0309,0.0118,0.0192,0.0,0.0,0.00212,0.0,0.000308,0.0117
0.24,0.05651,0.0305,0.03303,0.0143,0.0309,0.0119,0.0193,0.0,0.0,0.00214,0.0,0.000296,0.0116
0.24,0.0565,0.0306,0.03313,0.0144,0.0309,0.0119,0.0194,0.0,0.0,0.00215,0.0,0.000286,0.0116
0.24,0.0565,0.0307,0.03323,0.0144,0.031,0.012,0.0194,0.0,0.0,0.00216,0.0,0.000275,0.0115
0.24,0.05649,0.0308,0.03333,0.0145,0.031,0.012,0.0195,0.0,0.0,0.00217,0.0,0.000266,0.0115
0.24,0.05648,0.0309,0.03343,0.0145,0.031,0.0121,0.0196,0.0,0.0,0.00218,0.0,0.000257,0.0114
0.24,0.05648,0.031,0.03353,0.0146,0.0311,0.0121,0.0197,0.0,0.0,0.00219,0.0,0.000249,0.0114
0.24,0.05647,0.0311,0.03363,0.0146,0.0311,0.0122,0.0198,0.0,0.0,0.0022,0.0,0.000242,0.0113
0.24,0.05646,0.0312,0.03373,0.0147,0.0312,0.0122,0.0199,0.0,0.0,0.00222,0.0,0.000235,0.0113
0.24,0.05646,0.0313,0.03383,0.0147,0.0312,0.0123,0.02,0.0,0.0,0.00223,0.0,0.000228,0.0113
0.24,0.05645,0.0314,0.03393,0.0148,0.0313,0.0123,0.02,0.0,0.0,0.00224,0.0,0.000222,0.0112
0.24,0.05644,0.0315,0.03403,0.0149,0.0313,0.0124,0.0201,0.0,0.0,0.00225,0.0,0.000217,0.0112
0.24,0.05644,0.0316,0.03413,0.0149,0.0314,0.0124,0.0202,0.0,0.0,0.00226,0.0,0.000212,0.0112
0.24,0.05643,0.0317,0.03422,0.015,0.0314,0.0125,0.0203,0.0,0.0,0.00227,0.0,0.000207,0.0111
0.24,0.05642,0.0318,0.03432,0.015,0.0315,0.0125,0.0204,0.0,0.0,0.00228,0.0,0.000203,0.0111
0.24,0.05641,0.0319,0.03442,0.0151,0.0315,0.0126,0.0205,0.0,0.0,0.00229,0.0,0.000199,0.0111
0.24,0.05641,0.032,0.03452,0.0151,0.0316,0.0126,0.0205,0.0,0.0,0.00231,0.0,0.000195,0.011
0.24,0.0564,0.0321,0.03462,0.0152,0.0316,0.0127,0.0206,0.0,0.0,0.00232,0.0,0.000192,0.011
0.24,0.05639,0.0322,0.03472,0.0152,0.0317,0.0127,0.0207,0.0,0.0,0.00233,0.0,0.000188,0.011
0.24,0.05639,0.0323,0.03482,0.0153,0.0318,0.0128,0.0208,0.0,0.0,0.00234,0.0,0.000186,0.011
0.24,0.05638,0.0324,0.03492,0.0153,0.0318,0.0128,0.0209,0.0,0.0,0.00235,0.0,0.000183,0.0109
0.24,0.05637,0.0325,0.03502,0.0154,0.0319,0.0129,0.0209,0.0,0.0,0.00236,0.0,0.00018,0.0109
0.24,0.05637,0.0326,0.03512,0.0155,0.0319,0.0129,0.021,0.0,0.0,0.00237,0.0,0.000178,0.0109
0.24,0.05636,0.0327,0.03522,0.0155,0.032,0.0129,0.0211,0.0,0.0,0.00238,0.0,0.000176,0.0109
0.24,0.05635,0.0328,0.03532,0.0156,0.032,0.013,0.0212,0.0,0.0,0.00239,0.0,0.000173,0.0109
0.24,0.05635,0.0329,0.03542,0.0156,0.0321,0.013,0.0213,0.0,0.0,0.0024,0.0,0.000171,0.0108
0.24,0.05634,0.033,0.03552,0.0157,0.0321,0.0131,0.0213,0.0,0.0,0.00241,0.0,0.00017,0.0108
0.24,0.05633,0.0331,0.03562,0.0157,0.0322,0.0131,0.0214,0.0,0.0,0.00243,0.0,0.000168,0.0108
0.24,0.05632,0.0332,0.03572,0.0158,0.0322,0.0132,0.0215,0.0,0.0,0.00244,0.0,0.000166,0.0108
0.24,0.05632,0.0333,0.03582,0.0158,0.0323,0.0132,0.0216,0.0,0.0,0.00245,0.0,0.000164,0.0107
0.24,0.05631,0.0334,0.03592,0.0159,0.0323,0.0132,0.0216,0.0,0.0,0.00246,0.0,0.000163,0.0107
0.24,0.0563,0.0335,0.03602,0.0159,0.0324,0.0133,0.0217,0.0,0.0,0.00247,0.0,0.000161,0.0107
0.24,0.0563,0.0336,0.03612,0.016,0.0324,0.0133,0.0218,0.0,0.0,0.00248,0.0,0.00016,0.0106
0.24,0.05629,0.0337,0.03622,0.016,0.0325,0.0134,0.0219,0.0,0.0,0.00249,0.0,0.000158,0.0106
0.24,0.05628,0.0338,0.03632,0.0161,0.0325,0.0134,0.0219,0.0,0.0,0.0025,0.0,0.000157,0.0106
0.24,0.05627,0.0339,0.03642,0.0161,0.0326,0.0135,0.022,0.0,0.0,0.00251,0.0,0.000156,0.0106
0.24,0.05627,0.034,0.03652,0.0162,0.0326,0.0135,0.0221,0.0,0.0,0.00252,0.0,0.000154,0.0105
0.24,0.05626,0.0341,0.03662,0.0162,0.0326,0.0135,0.0221,0.0,0.0,0.00253,0.0,0.000153,0.0105
0.24,0.05625,0.0342,0.03672,0.0163,0.0327,0.0136,0.0222,0.0,0.0,0.00254,0.0,0.000152,0.0105
0.24,0.05624,0.0343,0.03682,0.0163,0.0327,0.0136,0.0223,0.0,0.0,0.00255,0.0,0.00015,0.0104
0.24,0.05624,0.0344,0.03692,0.0164,0.0328,0.0137,0.0224,0.0,0.0,0.00256,0.0,0.000149,0.0104
0.24,0.05623,0.0345,0.03702,0.0164,0.0328,0.0137,0.0224,0.0,0.0,0.00257,0.0,0.000148,0.0104
0.24,0.05622,0.0346,0.03712,0.0165,0.0328,0.0137,0.0225,0.0,0.0,0.00258,0.0,0.000147,0.0103
0.24,0.05622,0.0347,0.03722,0.0165,0.0328,0.0138,0.0226,0.0,0.0,0.00259,0.0,0.000145,0.0103
0.24,0.05621,0.0348,0.03731,0.0166,0.0329,0.0138,0.0226,0.0,0.0,0.0026,0.0,0.000144,0.0102
0.24,0.0562,0.0349,0.03741,0.0166,0.0329,0.0138,0.0227,0.0,0.0,0.00261,0.0,0.000143,0.0102
0.24,0.05619,0.035,0.03751,0.0166,0.0329,0.0139,0.0228,0.0,0.0,0.00262,0.0,0.000141,0.0102
0.24,0.05619,0.0351,0.03761,0.0167,0.033,0.0139,0.0228,0.0,0.0,0.00263,0.0,0.00014,0.0101
0.24,0.05618,0.0352,0.03771,0.0167,0.033,0.014,0.0229,0.0,0.0,0.00264,0.0,0.000139,0.0101
0.24,0.05617,0.0353,0.03781,0.0168,0.033,0.014,0.023,0.0,0.0,0.00265,0.0,0.000137,0.01
0.24,0.05616,0.0354,0.03791,0.0168,0.033,0.014,0.023,0.0,0.0,0.00266,0.0,0.000136,0.00999
0.24,0.05616,0.0355,0.03801,0.0169,0.033,0.0141,0.0231,0.0,0.0,0.00267,0.0,0.000135,0.00995
0.24,0.05615,0.0356,0.03811,0.0169,0.0331,0.0141,0.0232,0.0,0.0,0.00268,0.0,0.000133,0.0099
0.24,0.05614,0.0357,0.03821,0.017,0.0331,0.0141,0.0232,0.0,0.0,0.00269,0.0,0.000132,0.00985
0.24,0.05613,0.0358,0.03831,0.017,0.0331,0.0142,0.0233,0.0,0.0,0.0027,0.0,0.00013,0.0098
0.24,0.05612,0.0359,0.03841,0.017,0.0331,0.0142,0.0234,0.0,0.0,0.00271,0.0,0.000129,0.00975
0.24,0.05612,0.036,0.03851,0.0171,0.0331,0.0142,0.0234,0.0,0.0,0.00271,0.0,0.000128,0.0097
0.24,0.05611,0.0361,0.03861,0.0171,0.0331,0.0143,0.0235,0.0,0.0,0.00272,0.0,0.000126,0.00965
0.24,0.0561,0.0362,0.03871,0.0172,0.0331,0.0143,0.0235,0.0,0.0,0.00273,0.0,0.000125,0.00959
0.24,0.05609,0.0363,0.03881,0.0172,0.0331,0.0143,0.0236,0.0,0.0,0.00274,0.0,0.000123,0.00954
0.24,0.05609,0.0364,0.03891,0.0172,0.0331,0.0144,0.0237,0.0,0.0,0.00275,0.0,0.000122,0.00949
0.24,0.05608,0.0365,0.03901,0.0173,0.0331,0.0144,0.0237,0.0,0.0,0.00276,0.0,0.00012,0.00943
0.24,0.05607,0.0366,0.03911,0.0173,0.0332,0.0144,0.0238,0.0,0.0,0.00277,0.0,0.000119,0.00937
0.24,0.05606,0.0367,0.03921,0.0174,0.0332,0.0145,0.0238,0.0,0.0,0.00278,0.0,0.000117,0.00932
0.24,0.05605,0.0368,0.03931,0.0174,0.0332,0.0145,0.0239,0.0,0.0,0.00279,0.0,0.000116,0.00926
0.24,0.05605,0.0369,0.03941,0.0174,0.0332,0.0145,0.024,0.0,0.0,0.0028,0.0,0.000114,0.0092
0.24,0.05604,0.037,0.03951,0.0175,0.0332,0.0146,0.024,0.0,0.0,0.00281,0.0,0.000113,0.00914
0.24,0.05603,0.0371,0.03961,0.0175,0.0332,0.0146,0.0241,0.0,0.0,0.00281,0.0,0.000111,0.00908
0.24,0.05602,0.0372,0.03971,0.0176,0.0331,0.0146,0.0241,0.0,0.0,0.00282,0.0,0.00011,0.00902
0.24,0.05602,0.0373,0.03981,0.0176,0.0331,0.0146,0.0242,0.0,0.0,0.00283,0.0,0.000108,0.00896
0.24,0.05601,0.0374,0.03991,0.0176,0.0331,0.0147,0.0242,0.0,0.0,0.00284,0.0,0.000106,0.0089
0.24,0.056,0.0375,0.04001,0.0177,0.0331,0.0147,0.0243,0.0,0.0,0.00285,0.0,0.000105,0.00884
0.24,0.05599,0.0376,0.04011,0.0177,0.0331,0.0147,0.0243,0.0,0.0,0.00286,0.0,0.000103,0.00878
0.24,0.05598,0.0377,0.0402,0.0177,0.0331,0.0148,0.0244,0.0,0.0,0.00287,0.0,0.000102,0.00871
0.24,0.05598,0.0378,0.0403,0.0178,0.0331,0.0148,0.0245,0.0,0.0,0.00287,0.0,0.0001,0.00865
0.24,0.05597,0.0379,0.0404,0.0178,0.0331,0.0148,0.0245,0.0,0.0,0.00288,0.0,9.87e-05,0.00859
0.24,0.05596,0.038,0.0405,0.0178,0.0331,0.0148,0.0246,0.0,0.0,0.00289,0.0,9.71e-05,0.00852
0.24,0.05595,0.0381,0.0406,0.0179,0.0331,0.0149,0.0246,0.0,0.0,0.0029,0.0,9.56e-05,0.00846
0.24,0.05594,0.0382,0.0407,0.0179,0.0331,0.0149,0.0247,0.0,0.0,0.00291,0.0,9.4e-05,0.0084
0.24,0.05594,0.0383,0.0408,0.0179,0.0331,0.0149,0.0247,0.0,0.0,0.00292,0.0,9.25e-05,0.00833
0.24,0.05593,0.0384,0.0409,0.018,0.033,0.015,0.0248,0.0,0.0,0.00292,0.0,9.09e-05,0.00827
0.24,0.05592,0.0385,0.041,0.018,0.033,0.015,0.0248,0.0,0.0,0.00293,0.0,8.94e-05,0.0082
0.24,0.05591,0.0386,0.0411,0.018,0.033,0.015,0.0249,0.0,0.0,0.00294,0.0,8.78e-05,0.00814
0.24,0.0559,0.0387,0.0412,0.0181,0.033,0.015,0.0249,0.0,0.0,0.00295,0.0,8.63e-05,0.00807
0.24,0.05589,0.0388,0.0413,0.0181,0.033,0.0151,0.025,0.0,0.0,0.00296,0.0,8.48e-05,0.00801
0.24,0.05589,0.0389,0.0414,0.0181,0.033,0.0151,0.025,0.0,0.0,0.00296,0.0,8.33e-05,0.00794
0.24,0.05588,0.039,0.0415,0.0182,0.0329,0.0151,0.0251,0.0,0.0,0.00297,0.0,8.17e-05,0.00788
0.24,0.05587,0.0391,0.0416,0.0182,0.0329,0.0151,0.0251,0.0,0.0,0.00298,0.0,8.02e-05,0.00781
0.24,0.05586,0.0392,0.0417,0.0182,0.0329,0.0152,0.0252,0.0,0.0,0.00299,0.0,7.87e-05,0.00774
0.24,0.05585,0.0393,0.0418,0.0182,0.0329,0.0152,0.0252,0.0,0.0,0.00299,0.0,7.73e-05,0.00768
0.24,0.05584,0.0394,0.0419,0.0183,0.0329,0.0152,0.0253,0.0,0.0,0.003,0.0,7.58e-05,0.00761
0.24,0.05584,0.0395,0.042,0.0183,0.0329,0.0152,0.0253,0.0,0.0,0.00301,0.0,7.43e-05,0.00755
0.24,0.05583,0.0396,0.0421,0.0183,0.0328,0.0152,0.0254,0.0,0.0,0.00302,0.0,7.29e-05,0.00748
0.24,0.05582,0.0397,0.0422,0.0184,0.0328,0.0153,0.0254,0.0,0.0,0.00302,0.0,7.14e-05,0.00742
0.24,0.05581,0.0398,0.0423,0.0184,0.0328,0.0153,0.0254,0.0,0.0,0.00303,0.0,7e-05,0.00735
0.24,0.0558,0.0399,0.0424,0.0184,0.0328,0.0153,0.0255,0.0,0.0,0.00304,0.0,6.85e-05,0.00729
0.24,0.05579,0.04,0.0425,0.0184,0.0328,0.0153,0.0255,0.0,0.0,0.00305,0.0,6.71e-05,0.00723
0.24,0.05579,0.0401,0.0426,0.0185,0.0327,0.0154,0.0256,0.0,0.0,0.00305,0.0,6.57e-05,0.00716
0.24,0.05578,0.0402,0.0427,0.0185,0.0327,0.0154,0.0256,0.0,0.0,0.00306,0.0,6.43e-05,0.0071
0.24,0.05577,0.0403,0.0428,0.0185,0.0327,0.0154,0.0257,0.0,0.0,0.00307,0.0,6.3e-05,0.00703
0.24,0.05576,0.0404,0.04289,0.0185,0.0327,0.0154,0.0257,0.0,0.0,0.00307,0.0,6.16e-05,0.00697
0.24,0.05575,0.0405,0.04299,0.0186,0.0326,0.0154,0.0257,0.0,0.0,0.00308,0.0,6.03e-05,0.00691
0.24,0.05574,0.0406,0.04309,0.0186,0.0326,0.0155,0.0258,0.0,0.0,0.00309,0.0,5.89e-05,0.00684
0.24,0.05573,0.0407,0.04319,0.0186,0.0326,0.0155,0.0258,0.0,0.0,0.0031,0.0,5.76e-05,0.00678
0.24,0.05573,0.0408,0.04329,0.0186,0.0326,0.0155,0.0259,0.0,0.0,0.0031,0.0,5.63e-05,0.00672
0.24,0.05572,0.0409,0.04339,0.0187,0.0326,0.0155,0.0259,0.0,0.0,0.00311,0.0,5.51e-05,0.00666
0.24,0.05571,0.041,0.04349,0.0187,0.0325,0.0155,0.0259,0.0,0.0,0.00312,0.0,5.38e-05,0.00659
0.24,0.0557,0.0411,0.04359,0.0187,0.0325,0.0155,0.026,0.0,0.0,0.00312,0.0,5.25e-05,0.00653
0.24,0.05569,0.0412,0.04369,0.0187,0.0325,0.0156,0.026,0.0,0.0,0.00313,0.0,5.13e-05,0.00647
0.24,0.05568,0.0413,0.04379,0.0188,0.0325,0.0156,0.0261,0.0,0.0,0.00314,0.0,5.01e-05,0.00641
0.24,0.05567,0.0414,0.04389,0.0188,0.0324,0.0156,0.0261,0.0,0.0,0.00314,0.0,4.89e-05,0.00635
0.24,0.05566,0.0415,0.04399,0.0188,0.0324,0.0156,0.0261,0.0,0.0,0.00315,0.0,4.77e-05,0.00629
0.24,0.05566,0.0416,0.04409,0.0188,0.0324,0.0156,0.0262,0.0,0.0,0.00315,0.0,4.65e-05,0.00623
0.24,0.05565,0.0417,0.04419,0.0189,0.0324,0.0156,0.0262,0.0,0.0,0.00316,0.0,4.54e-05,0.00617
0.24,0.05564,0.0418,0.04429,0.0189,0.0324,0.0157,0.0262,0.0,0.0,0.00317,0.0,4.43e-05,0.00611
0.24,0.05563,0.0419,0.04439,0.0189,0.0323,0.0157,0.0263,0.0,0.0,0.00317,0.0,4.31e-05,0.00606
0.24,0.05562,0.042,0.04449,0.0189,0.0323,0.0157,0.0263,0.0,0.0,0.00318,0.0,4.2e-05,0.006
0.24,0.05561,0.0421,0.04459,0.0189,0.0323,0.0157,0.0263,0.0,0.0,0.00319,0.0,4.1e-05,0.00594
0.24,0.0556,0.0422,0.04469,0.019,0.0323,0.0157,0.0264,0.0,0.0,0.00319,0.0,3.99e-05,0.00588
0.24,0.05559,0.0423,0.04479,0.019,0.0322,0.0157,0.0264,0.0,0.0,0.0032,0.0,3.89e-05,0.00583
0.24,0.05559,0.0424,0.04489,0.019,0.0322,0.0157,0.0264,0.0,0.0,0.0032,0.0,3.78e-05,0.00577
0.24,0.05558,0.0425,0.04499,0.019,0.0322,0.0158,0.0265,0.0,0.0,0.00321,0.0,3.68e-05,0.00572
0.24,0.05557,0.0426,0.04509,0.019,0.0322,0.0158,0.0265,0.0,0.0,0.00321,0.0,3.58e-05,0.00566
0.24,0.05556,0.0427,0.04519,0.019,0.0321,0.0158,0.0265,0.0,0.0,0.00322,0.0,3.49e-05,0.00561
0.24,0.05555,0.0428,0.04529,0.0191,0.0321,0.0158,0.0266,0.0,0.0,0.00323,0.0,3.39e-05,0.00555
0.24,0.05554,0.0429,0.04539,0.0191,0.0321,0.0158,0.0266,0.0,0.0,0.00323,0.0,3.3e-05,0.0055
0.24,0.05553,0.043,0.04548,0.0191,0.0321,0.0158,0.0266,0.0,0.0,0.00324,0.0,3.21e-05,0.00544
0.24,0.05552,0.0431,0.04558,0.0191,0.0321,0.0158,0.0267,0.0,0.0,0.00324,0.0,3.12e-05,0.00539
0.24,0.05551,0.0432,0.04568,0.0191,0.032,0.0159,0.0267,0.0,0.0,0.00325,0.0,3.03e-05,0.00534
0.24,0.0555,0.0433,0.04578,0.0191,0.032,0.0159,0.0267,0.0,0.0,0.00325,0.0,2.94e-05,0.00529
0.24,0.05549,0.0434,0.04588,0.0192,0.032,0.0159,0.0268,0.0,0.0,0.00326,0.0,2.86e-05,0.00523
0.24,0.05549,0.0435,0.04598,0.0192,0.032,0.0159,0.0268,0.0,0.0,0.00326,0.0,2.78e-05,0.00518
0.24,0.05548,0.0436,0.04608,0.0192,0.0319,0.0159,0.0268,0.0,0.0,0.00327,0.0,2.69e-05,0.00513
0.24,0.05547,0.0437,0.04618,0.0192,0.0319,0.0159,0.0268,0.0,0.0,0.00328,0.0,2.61e-05,0.00508
0.24,0.05546,0.0438,0.04628,0.0192,0.0319,0.0159,0.0269,0.0,0.0,0.00328,0.0,2.54e-05,0.00503
0.24,0.05545,0.0439,0.04638,0.0192,0.0319,0.0159,0.0269,0.0,0.0,0.00329,0.0,2.46e-05,0.00498
0.24,0.05544,0.044,0.04648,0.0192,0.0318,0.0159,0.0269,0.0,0.0,0.00329,0.0,2.39e-05,0.00493
0.24,0.05543,0.0441,0.04658,0.0193,0.0318,0.0159,0.0269,0.0,0.0,0.0033,0.0,2.31e-05,0.00488
0.24,0.05542,0.0442,0.04668,0.0193,0.0318,0.016,0.027,0.0,0.0,0.0033,0.0,2.24e-05,0.00483
0.24,0.05541,0.0443,0.04678,0.0193,0.0318,0.016,0.027,0.0,0.0,0.00331,0.0,2.17e-05,0.00479
0.24,0.0554,0.0444,0.04688,0.0193,0.0318,0.016,0.027,0.0,0.0,0.00331,0.0,2.11e-05,0.00474
0.24,0.05539,0.0445,0.04698,0.0193,0.0317,0.016,0.027,0.0,0.0,0.00331,0.0,2.04e-05,0.00469
0.24,0.05538,0.0446,0.04708,0.0193,0.0317,0.016,0.0271,0.0,0.0,0.00332,0.0,1.98e-05,0.00464
0.24,0.05537,0.0447,0.04718,0.0193,0.0317,0.016,0.0271,0.0,0.0,0.00332,0.0,1.91e-05,0.0046
0.24,0.05536,0.0448,0.04728,0.0193,0.0317,0.016,0.0271,0.0,0.0,0.00333,0.0,1.85e-05,0.00455
0.24,0.05536,0.0449,0.04738,0.0194,0.0316,0.016,0.0271,0.0,0.0,0.00333,0.0,1.79e-05,0.00451
0.24,0.05535,0.045,0.04748,0.0194,0.0316,0.016,0.0272,0.0,0.0,0.00334,0.0,1.73e-05,0.00446
0.24,0.05534,0.0451,0.04758,0.0194,0.0316,0.016,0.0272,0.0,0.0,0.00334,0.0,1.68e-05,0.00441
0.24,0.05533,0.0452,0.04768,0.0194,0.0316,0.016,0.0272,0.0,0.0,0.00335,0.0,1.62e-05,0.00437
0.24,0.05532,0.0453,0.04778,0.0194,0.0315,0.016,0.0272,0.0,0.0,0.00335,0.0,1.57e-05,0.00433
0.24,0.05531,0.0454,0.04787,0.0194,0.0315,0.016,0.0272,0.0,0.0,0.00335,0.0,1.51e-05,0.00428
0.24,0.0553,0.0455,0.04797,0.0194,0.0315,0.016,0.0273,0.0,0.0,0.00336,0.0,1.46e-05,0.00424
0.24,0.05529,0.0456,0.04807,0.0194,0.0315,0.016,0.0273,0.0,0.0,0.00336,0.0,1.41e-05,0.00419
0.24,0.05528,0.0457,0.04817,0.0194,0.0314,0.0161,0.0273,0.0,0.0,0.00337,0.0,1.36e-05,0.00415
0.24,0.05527,0.0458,0.04827,0.0194,0.0314,0.0161,0.0273,0.0,0.0,0.00337,0.0,1.32e-05,0.00411
0.24,0.05526,0.0459,0.04837,0.0194,0.0314,0.0161,0.0273,0.0,0.0,0.00338,0.0,1.27e-05,0.00407
0.24,0.05525,0.046,0.04847,0.0195,0.0314,0.0161,0.0273,0.0,0.0,0.00338,0.0,1.23e-05,0.00402
0.24,0.05524,0.0461,0.04857,0.0195,0.0313,0.0161,0.0274,0.0,0.0,0.00338,0.0,1.18e-05,0.00398
0.24,0.05523,0.0462,0.04867,0.0195,0.0313,0.0161,0.0274,0.0,0.0,0.00339,0.0,1.14e-05,0.00394
0.24,0.05522,0.0463,0.04877,0.0195,0.0313,0.0161,0.0274,0.0,0.0,0.00339,0.0,1.1e-05,0.0039
0.24,0.05521,0.0464,0.04887,0.0195,0.0313,0.0161,0.0274,0.0,0.0,0.00339,0.0,1.06e-05,0.00386
0.24,0.0552,0.0465,0.04897,0.0195,0.0313,0.0161,0.0274,0.0,0.0,0.0034,0.0,1.02e-05,0.00382
0.24,0.05519,0.0466,0.04907,0.0195,0.0312,0.0161,0.0274,0.0,0.0,0.0034,0.0,9.87e-06,0.00378
0.24,0.05518,0.0467,0.04917,0.0195,0.0312,0.0161,0.0275,0.0,0.0,0.0034,0.0,9.5e-06,0.00374
0.24,0.05517,0.0468,0.04927,0.0195,0.0312,0.0161,0.0275,0.0,0.0,0.00341,0.0,9.15e-06,0.0037
0.24,0.05516,0.0469,0.04937,0.0195,0.0312,0.0161,0.0275,0.0,0.0,0.00341,0.0,8.81e-06,0.00366
0.24,0.05515,0.047,0.04947,0.0195,0.0311,0.0161,0.0275,0.0,0.0,0.00342,0.0,8.49e-06,0.00362
0.24,0.05514,0.0471,0.04957,0.0195,0.0311,0.0161,0.0275,0.0,0.0,0.00342,0.0,8.17e-06,0.00358
0.24,0.05513,0.0472,0.04967,0.0195,0.0311,0.0161,0.0275,0.0,0.0,0.00342,0.0,7.86e-06,0.00354
0.24,0.05512,0.0473,0.04977,0.0195,0.031,0.0161,0.0275,0.0,0.0,0.00342,0.0,7.56e-06,0.0035
0.24,0.05511,0.0474,0.04987,0.0195,0.031,0.0161,0.0276,0.0,0.0,0.00343,0.0,7.27e-06,0.00346
0.24,0.0551,0.0475,0.04997,0.0195,0.031,0.0161,0.0276,0.0,0.0,0.00343,0.0,6.99e-06,0.00343
0.24,0.05509,0.0476,0.05007,0.0195,0.031,0.0161,0.0276,0.0,0.0,0.00343,0.0,6.72e-06,0.00339
0.24,0.05508,0.0477,0.05016,0.0195,0.0309,0.0161,0.0276,0.0,0.0,0.00344,0.0,6.46e-06,0.00335
0.24,0.05507,0.0478,0.05026,0.0195,0.0309,0.0161,0.0276,0.0,0.0,0.00344,0.0,6.2e-06,0.00331
0.24,0.05506,0.0479,0.05036,0.0195,0.0309,0.0161,0.0276,0.0,0.0,0.00344,0.0,5.96e-06,0.00328
0.24,0.05505,0.048,0.05046,0.0195,0.0309,0.0161,0.0276,0.0,0.0,0.00345,0.0,5.72e-06,0.00324
0.24,0.05504,0.0481,0.05056,0.0195,0.0308,0.0161,0.0276,0.0,0.0,0.00345,0.0,5.49e-06,0.0032
0.24,0.05503,0.0482,0.05066,0.0195,0.0308,0.0161,0.0276,0.0,0.0,0.00345,0.0,5.27e-06,0.00317
0.24,0.05502,0.0483,0.05076,0.0195,0.0308,0.0161,0.0277,0.0,0.0,0.00345,0.0,5.06e-06,0.00313
0.24,0.05501,0.0484,0.05086,0.0195,0.0308,0.0161,0.0277,0.0,0.0,0.00346,0.0,4.85e-06,0.00309
0.24,0.055,0.0485,0.05096,0.0195,0.0307,0.0161,0.0277,0.0,0.0,0.00346,0.0,4.66e-06,0.00306
0.24,0.05499,0.0486,0.05106,0.0195,0.0307,0.0161,0.0277,0.0,0.0,0.00346,0.0,4.46e-06,0.00302
0.24,0.05498,0.0487,0.05116,0.0195,0.0307,0.0161,0.0277,0.0,0.0,0.00346,0.0,4.28e-06,0.00299
0.24,0.05497,0.0488,0.05126,0.0195,0.0306,0.0161,0.0277,0.0,0.0,0.00347,0.0,4.1e-06,0.00295
0.24,0.05496,0.0489,0.05136,0.0195,0.0306,0.0161,0.0277,0.0,0.0,0.00347,0.0,3.93e-06,0.00292
0.24,0.05495,0.049,0.05146,0.0195,0.0306,0.0161,0.0277,0.0,0.0,0.00347,0.0,3.77e-06,0.00288
0.24,0.05494,0.0491,0.05156,0.0195,0.0306,0.0161,0.0277,0.0,0.0,0.00347,0.0,3.61e-06,0.00285
0.24,0.05493,0.0492,0.05166,0.0195,0.0305,0.0161,0.0277,0.0,0.0,0.00348,0.0,3.45e-06,0.00281
0.24,0.05492,0.0493,0.05176,0.0195,0.0305,0.0161,0.0277,0.0,0.0,0.00348,0.0,3.3e-06,0.00278
0.24,0.05491,0.0494,0.05186,0.0195,0.0305,0.0161,0.0277,0.0,0.0,0.00348,0.0,3.16e-06,0.00275
0.24,0.0549,0.0495,0.05196,0.0195,0.0304,0.016,0.0277,0.0,0.0,0.00348,0.0,3.03e-06,0.00271
0.24,0.05489,0.0496,0.05206,0.0195,0.0304,0.016,0.0277,0.0,0.0,0.00348,0.0,2.89e-06,0.00268
0.24,0.05488,0.0497,0.05216,0.0195,0.0304,0.016,0.0277,0.0,0.0,0.00349,0.0,2.77e-06,0.00265
0.24,0.05487,0.0498,0.05226,0.0195,0.0304,0.016,0.0277,0.0,0.0,0.00349,0.0,2.65e-06,0.00261
0.24,0.05486,0.0499,0.05235,0.0195,0.0303,0.016,0.0277,0.0,0.0,0.00349,0.0,2.53e-06,0.00258
0.24,0.05485,0.05,0.05245,0.0195,0.0303,0.016,0.0277,0.0,0.0,0.00349,0.0,2.42e-06,0.00255
0.24,0.05484,0.0501,0.05255,0.0195,0.0303,0.016,0.0277,0.0,0.0,0.00349,0.0,2.31e-06,0.00251
0.24,0.05483,0.0502,0.05265,0.0195,0.0302,0.016,0.0277,0.0,0.0,0.00349,0.0,2.21e-06,0.00248
0.24,0.05482,0.0503,0.05275,0.0195,0.0302,0.016,0.0278,0.0,0.0,0.0035,0.0,2.11e-06,0.00245
0.24,0.05481,0.0504,0.05285,0.0195,0.0302,0.016,0.0278,0.0,0.0,0.0035,0.0,2.01e-06,0.00242
0.24,0.0548,0.0505,0.05295,0.0195,0.0301,0.016,0.0278,0.0,0.0,0.0035,0.0,1.92e-06,0.00239
0.24,0.05479,0.0506,0.05305,0.0195,0.0301,0.016,0.0278,0.0,0.0,0.0035,0.0,1.83e-06,0.00235
0.24,0.05477,0.0507,0.05315,0.0195,0.0301,0.016,0.0278,0.0,0.0,0.0035,0.0,1.75e-06,0.00232
0.24,0.05476,0.0508,0.05325,0.0195,0.03,0.016,0.0278,0.0,0.0,0.0035,0.0,1.67e-06,0.00229
0.24,0.05475,0.0509,0.05335,0.0195,0.03,0.016,0.0278,0.0,0.0,0.0035,0.0,1.59e-06,0.00226
0.24,0.05474,0.051,0.05345,0.0195,0.03,0.016,0.0278,0.0,0.0,0.00351,0.0,1.51e-06,0.00223
0.24,0.05473,0.0511,0.05355,0.0195,0.03,0.0159,0.0278,0.0,0.0,0.00351,0.0,1.44e-06,0.0022
0.24,0.05472,0.0512,0.05365,0.0194,0.0299,0.0159,0.0278,0.0,0.0,0.00351,0.0,1.37e-06,0.00217
0.24,0.05471,0.0513,0.05375,0.0194,0.0299,0.0159,0.0277,0.0,0.0,0.00351,0.0,1.31e-06,0.00214
0.24,0.0547,0.0514,0.05385,0.0194,0.0299,0.0159,0.0277,0.0,0.0,0.00351,0.0,1.25e-06,0.00211
0.24,0.05469,0.0515,0.05395,0.0194,0.0298,0.0159,0.0277,0.0,0.0,0.00351,0.0,1.19e-06,0.00208
0.24,0.05468,0.0516,0.05405,0.0194,0.0298,0.0159,0.0277,0.0,0.0,0.00351,0.0,1.13e-06,0.00205
0.24,0.05467,0.0517,0.05415,0.0194,0.0298,0.0159,0.0277,0.0,0.0,0.00351,0.0,1.08e-06,0.00202
0.24,0.05466,0.0518,0.05425,0.0194,0.0297,0.0159,0.0277,0.0,0.0,0.00351,0.0,1.02e-06,0.00199
0.24,0.05465,0.0519,0.05435,0.0194,0.0297,0.0159,0.0277,0.0,0.0,0.00351,0.0,9.73e-07,0.00196
0.24,0.05464,0.052,0.05444,0.0194,0.0297,0.0159,0.0277,0.0,0.0,0.00352,0.0,9.25e-07,0.00193
0.24,0.05462,0.0521,0.05454,0.0194,0.0296,0.0159,0.0277,0.0,0.0,0.00352,0.0,8.8e-07,0.0019
0.24,0.05461,0.0522,0.05464,0.0194,0.0296,0.0158,0.0277,0.0,0.0,0.00352,0.0,8.36e-07,0.00188
0.24,0.0546,0.0523,0.05474,0.0194,0.0296,0.0158,0.0277,0.0,0.0,0.00352,0.0,7.94e-07,0.00185
0.24,0.05459,0.0524,0.05484,0.0193,0.0295,0.0158,0.0277,0.0,0.0,0.00352,0.0,7.55e-07,0.00182
0.24,0.05458,0.0525,0.05494,0.0193,0.0295,0.0158,0.0277,0.0,0.0,0.00352,0.0,7.17e-07,0.00179
0.24,0.05457,0.0526,0.05504,0.0193,0.0295,0.0158,0.0277,0.0,0.0,0.00352,0.0,6.8e-07,0.00177
0.24,0.05456,0.0527,0.05514,0.0193,0.0294,0.0158,0.0277,0.0,0.0,0.00352,0.0,6.46e-07,0.00174
0.24,0.05455,0.0528,0.05524,0.0193,0.0294,0.0158,0.0277,0.0,0.0,0.00352,0.0,6.13e-07,0.00171
0.24,0.05454,0.0529,0.05534,0.0193,0.0294,0.0158,0.0277,0.0,0.0,0.00352,0.0,5.82e-07,0.00168
0.24,0.05453,0.053,0.05544,0.0193,0.0293,0.0158,0.0277,0.0,0.0,0.00352,0.0,5.52e-07,0.00166
0.24,0.05452,0.0531,0.05554,0.0193,0.0293,0.0157,0.0277,0.0,0.0,0.00352,0.0,5.23e-07,0.00163
0.24,0.0545,0.0532,0.05564,0.0193,0.0293,0.0157,0.0277,0.0,0.0,0.00352,0.0,4.96e-07,0.00161
0.24,0.05449,0.0533,0.05574,0.0192,0.0292,0.0157,0.0276,0.0,0.0,0.00352,0.0,4.7e-07,0.00158
0.24,0.05448,0.0534,0.05584,0.0192,0.0292,0.0157,0.0276,0.0,0.0,0.00352,0.0,4.46e-07,0.00155
0.24,0.05447,0.0535,0.05594,0.0192,0.0292,0.0157,0.0276,0.0,0.0,0.00352,0.0,4.22e-07,0.00153
0.24,0.05446,0.0536,0.05604,0.0192,0.0291,0.0157,0.0276,0.0,0.0,0.00352,0.0,4e-07,0.0015
0.24,0.05445,0.0537,0.05614,0.0192,0.0291,0.0157,0.0276,0.0,0.0,0.00352,0.0,3.79e-07,0.00148
0.24,0.05444,0.0538,0.05624,0.0192,0.0291,0.0157,0.0276,0.0,0.0,0.00352,0.0,3.58e-07,0.00145
0.24,0.05443,0.0539,0.05634,0.0192,0.029,0.0156,0.0276,0.0,0.0,0.00352,0.0,3.39e-07,0.00143
0.24,0.05442,0.054,0.05643,0.0191,0.029,0.0156,0.0276,0.0,0.0,0.00352,0.0,3.21e-07,0.00141
0.24,0.0544,0.0541,0.05653,0.0191,0.0289,0.0156,0.0276,0.0,0.0,0.00352,0.0,3.04e-07,0.00138
0.24,0.05439,0.0542,0.05663,0.0191,0.0289,0.0156,0.0276,0.0,0.0,0.00352,0.0,2.87e-07,0.00136
0.24,0.05438,0.0543,0.05673,0.0191,0.0289,0.0156,0.0275,0.0,0.0,0.00352,0.0,2.72e-07,0.00133
0.24,0.05437,0.0544,0.05683,0.0191,0.0288,0.0156,0.0275,0.0,0.0,0.00352,0.0,2.57e-07,0.00131
0.24,0.05436,0.0545,0.05693,0.0191,0.0288,0.0156,0.0275,0.0,0.0,0.00352,0.0,2.43e-07,0.00129
0.24,0.05435,0.0546,0.05703,0.0191,0.0288,0.0155,0.0275,0.0,0.0,0.00352,0.0,2.29e-07,0.00127
0.24,0.05434,0.0547,0.05713,0.019,0.0287,0.0155,0.0275,9.14e-07,3.52e-08,0.00352,0.0,2.16e-07,0.00124
0.24,0.05432,0.0548,0.05723,0.019,0.0287,0.0155,0.0275,9.08e-07,3.45e-08,0.00352,0.0,2.04e-07,0.00122
0.24,0.05431,0.0549,0.05733,0.019,0.0287,0.0155,0.0275,9.01e-07,3.38e-08,0.00352,0.0,1.93e-07,0.0012
0.24,0.0543,0.055,0.05743,0.019,0.0286,0.0155,0.0275,8.96e-07,3.32e-08,0.00352,0.0,1.82e-07,0.00118
0.24,0.05429,0.0551,0.05753,0.019,0.0286,0.0155,0.0274,8.9e-07,3.26e-08,0.00351,0.0,1.72e-07,0.00116
0.24,0.05428,0.0552,0.05763,0.019,0.0286,0.0155,0.0274,8.85e-07,3.2e-08,0.00351,0.0,1.62e-07,0.00113
0.24,0.05427,0.0553,0.05773,0.019,0.0285,0.0154,0.0274,8.8e-07,3.14e-08,0.00351,0.0,1.53e-07,0.00111
0.24,0.05426,0.0554,0.05783,0.0189,0.0285,0.0154,0.0274,8.76e-07,3.09e-08,0.00351,0.0,1.44e-07,0.00109
0.24,0.05424,0.0555,0.05793,0.0189,0.0285,0.0154,0.0274,8.72e-07,3.05e-08,0.00351,0.0,1.36e-07,0.00107
0.24,0.05423,0.0556,0.05803,0.0189,0.0284,0.0154,0.0274,8.68e-07,3e-08,0.00351,0.0,1.28e-07,0.00105
0.24,0.05422,0.0557,0.05813,0.0189,0.0284,0.0154,0.0274,8.64e-07,2.96e-08,0.00351,0.0,1.21e-07,0.00103
0.24,0.05421,0.0558,0.05823,0.0189,0.0284,0.0154,0.0273,8.61e-07,2.92e-08,0.00351,0.0,1.14e-07,0.00101
0.24,0.0542,0.0559,0.05833,0.0188,0.0283,0.0153,0.0273,8.57e-07,2.88e-08,0.00351,0.0,1.07e-07,0.000993
0.24,0.05419,0.056,0.05842,0.0188,0.0283,0.0153,0.0273,8.54e-07,2.84e-08,0.00351,0.0,1.01e-07,0.000974
0.24,0.05417,0.0561,0.05852,0.0188,0.0283,0.0153,0.0273,8.51e-07,2.8e-08,0.0035,0.0,9.5e-08,0.000955
0.24,0.05416,0.0562,0.05862,0.0188,0.0282,0.0153,0.0273,8.49e-07,2.77e-08,0.0035,0.0,8.94e-08,0.000936
0.24,0.05415,0.0563,0.05872,0.0188,0.0282,0.0153,0.0273,8.46e-07,2.74e-08,0.0035,0.0,8.41e-08,0.000917
0.24,0.05414,0.0564,0.05882,0.0188,0.0281,0.0153,0.0272,8.43e-07,2.7e-08,0.0035,0.0,7.91e-08,0.000899
0.24,0.05413,0.0565,0.05892,0.0187,0.0281,0.0152,0.0272,8.41e-07,2.67e-08,0.0035,0.0,7.44e-08,0.000881
0.24,0.05412,0.0566,0.05902,0.0187,0.0281,0.0152,0.0272,8.39e-07,2.65e-08,0.0035,0.0,6.99e-08,0.000863
0.24,0.0541,0.0567,0.05912,0.0187,0.028,0.0152,0.0272,8.37e-07,2.62e-08,0.0035,0.0,6.57e-08,0.000846
0.24,0.05409,0.0568,0.05922,0.0187,0.028,0.0152,0.0272,1.92e-06,7.07e-08,0.0035,0.0,6.18e-08,0.000829
0.24,0.05408,0.0569,0.05932,0.0187,0.028,0.0152,0.0272,1.91e-06,6.95e-08,0.00349,0.0,5.8e-08,0.000812
0.24,0.05407,0.057,0.05942,0.0186,0.0279,0.0151,0.0271,1.9e-06,6.84e-08,0.00349,0.0,5.45e-08,0.000795
0.24,0.05406,0.0571,0.05952,0.0186,0.0279,0.0151,0.0271,1.89e-06,6.74e-08,0.00349,0.0,5.12e-08,0.000778
0.24,0.05405,0.0572,0.05962,0.0186,0.0279,0.0151,0.0271,1.89e-06,6.64e-08,0.00349,0.0,4.81e-08,0.000762
0.24,0.05403,0.0573,0.05972,0.0186,0.0278,0.0151,0.0271,1.88e-06,6.54e-08,0.00349,0.0,4.51e-08,0.000746
0.24,0.05402,0.0574,0.05982,0.0186,0.0278,0.0151,0.0271,1.87e-06,6.45e-08,0.00349,0.0,4.23e-08,0.00073
0.24,0.05401,0.0575,0.05992,0.0185,0.0278,0.0151,0.027,1.87e-06,6.37e-08,0.00348,0.0,3.97e-08,0.000715
0.24,0.054,0.0576,0.06002,0.0185,0.0277,0.015,0.027,1.86e-06,6.29e-08,0.00348,0.0,3.72e-08,0.000699
0.24,0.05399,0.0577,0.06012,0.0185,0.0277,0.015,0.027,1.85e-06,6.21e-08,0.00348,0.0,3.49e-08,0.000684
0.24,0.05397,0.0578,0.06021,0.0185,0.0277,0.015,0.027,1.85e-06,6.14e-08,0.00348,0.0,3.27e-08,0.000669
0.24,0.05396,0.0579,0.06031,0.0185,0.0276,0.015,0.027,1.84e-06,6.07e-08,0.00348,0.0,3.07e-08,0.000655
0.24,0.05395,0.058,0.06041,0.0184,0.0276,0.015,0.0269,1.84e-06,6e-08,0.00347,0.0,2.87e-08,0.00064
0.24,0.05394,0.0581,0.06051,0.0184,0.0275,0.0149,0.0269,1.83e-06,5.93e-08,0.00347,0.0,2.69e-08,0.000626
0.24,0.05393,0.0582,0.06061,0.0184,0.0275,0.0149,0.0269,1.83e-06,5.87e-08,0.00347,0.0,2.52e-08,0.000612
0.24,0.05391,0.0583,0.06071,0.0184,0.0275,0.0149,0.0269,1.83e-06,5.81e-08,0.00347,0.0,2.36e-08,0.000598
0.24,0.0539,0.0584,0.06081,0.0183,0.0274,0.0149,0.0269,1.82e-06,5.76e-08,0.00347,0.0,2.21e-08,0.000585
0.24,0.05389,0.0585,0.06091,0.0183,0.0274,0.0149,0.0268,1.82e-06,5.7e-08,0.00346,0.0,2.07e-08,0.000572
0.24,0.05388,0.0586,0.06101,0.0183,0.0274,0.0148,0.0268,1.81e-06,5.65e-08,0.00346,0.0,1.93e-08,0.000559
0.24,0.05387,0.0587,0.06111,0.0183,0.0273,0.0148,0.0268,1.81e-06,5.6e-08,0.00346,0.0,1.81e-08,0.000546
0.24,0.05385,0.0588,0.06121,0.0183,0.0273,0.0148,0.0268,3.1e-06,1.13e-07,0.00346,0.0,1.69e-08,0.000533
0.24,0.05384,0.0589,0.06131,0.0182,0.0273,0.0148,0.0267,3.09e-06,1.12e-07,0.00346,0.0,1.58e-08,0.000521
0.24,0.05383,0.059,0.06141,0.0182,0.0272,0.0148,0.0267,3.08e-06,1.1e-07,0.00345,0.0,1.48e-08,0.000509
0.24,0.05382,0.0591,0.06151,0.0182,0.0272,0.0147,0.0267,3.07e-06,1.08e-07,0.00345,0.0,1.38e-08,0.000497
0.24,0.0538,0.0592,0.06161,0.0182,0.0272,0.0147,0.0267,3.06e-06,1.07e-07,0.00345,0.0,1.29e-08,0.000485
0.24,0.05379,0.0593,0.06171,0.0181,0.0271,0.0147,0.0267,3.05e-06,1.06e-07,0.00345,0.0,1.21e-08,0.000474
0.24,0.05378,0.0594,0.06181,0.0181,0.0271,0.0147,0.0266,3.04e-06,1.04e-07,0.00344,0.0,1.13e-08,0.000462
0.24,0.05377,0.0595,0.06191,0.0181,0.0271,0.0146,0.0266,3.03e-06,1.03e-07,0.00344,0.0,1.05e-08,0.000451
0.24,0.05376,0.0596,0.06201,0.0181,0.027,0.0146,0.0266,3.02e-06,1.02e-07,0.00344,0.0,9.81e-09,0.000441
0.24,0.05374,0.0597,0.0621,0.018,0.027,0.0146,0.0266,3.02e-06,1.01e-07,0.00344,0.0,9.15e-09,0.00043
0.24,0.05373,0.0598,0.0622,0.018,0.027,0.0146,0.0265,3.01e-06,9.97e-08,0.00343,0.0,8.53e-09,0.000419
0.24,0.05372,0.0599,0.0623,0.018,0.0269,0.0146,0.0265,3e-06,9.87e-08,0.00343,0.0,7.96e-09,0.000409
0.24,0.05371,0.06,0.0624,0.018,0.0269,0.0145,0.0265,3e-06,9.77e-08,0.00343,0.0,7.42e-09,0.000399
0.24,0.05369,0.0601,0.0625,0.0179,0.0268,0.0145,0.0265,2.99e-06,9.68e-08,0.00342,0.0,6.92e-09,0.000389
0.24,0.05368,0.0602,0.0626,0.0179,0.0268,0.0145,0.0264,2.99e-06,9.58e-08,0.00342,0.0,6.45e-09,0.000379
0.24,0.05367,0.0603,0.0627,0.0179,0.0268,0.0145,0.0264,2.98e-06,9.5e-08,0.00342,0.0,6e-09,0.00037
0.24,0.05366,0.0604,0.0628,0.0179,0.0267,0.0144,0.0264,2.98e-06,9.41e-08,0.00342,0.0,5.59e-09,0.000361
0.24,0.05364,0.0605,0.0629,0.0178,0.0267,0.0144,0.0264,2.97e-06,9.33e-08,0.00341,0.0,5.21e-09,0.000352
0.24,0.05363,0.0606,0.063,0.0178,0.0267,0.0144,0.0263,2.97e-06,9.25e-08,0.00341,0.0,4.85e-09,0.000343
0.24,0.05362,0.0607,0.0631,0.0178,0.0266,0.0144,0.0263,2.96e-06,9.18e-08,0.00341,0.0,4.51e-09,0.000334
0.24,0.05361,0.0608,0.0632,0.0178,0.0266,0.0144,0.0263,2.96e-06,9.11e-08,0.0034,0.0,4.2e-09,0.000325
0.24,0.05359,0.0609,0.0633,0.0177,0.0266,0.0143,0.0263,4.48e-06,1.63e-07,0.0034,0.0,3.91e-09,0.000317
0.24,0.05358,0.061,0.0634,0.0177,0.0265,0.0143,0.0262,4.47e-06,1.61e-07,0.0034,0.0,3.63e-09,0.000309
0.24,0.05357,0.0611,0.0635,0.0177,0.0265,0.0143,0.0262,4.46e-06,1.59e-07,0.00339,0.0,3.38e-09,0.000301
0.24,0.05356,0.0612,0.0636,0.0177,0.0265,0.0143,0.0262,4.44e-06,1.57e-07,0.00339,0.0,3.14e-09,0.000293
0.24,0.05354,0.0613,0.0637,0.0176,0.0264,0.0142,0.0261,4.43e-06,1.55e-07,0.00339,0.0,2.92e-09,0.000285
0.24,0.05353,0.0614,0.0638,0.0176,0.0264,0.0142,0.0261,4.42e-06,1.53e-07,0.00339,0.0,2.71e-09,0.000277
0.24,0.05352,0.0615,0.06389,0.0176,0.0264,0.0142,0.0261,4.41e-06,1.51e-07,0.00338,0.0,2.52e-09,0.00027
0.24,0.0535,0.0616,0.06399,0.0176,0.0263,0.0142,0.0261,4.4e-06,1.5e-07,0.00338,0.0,2.34e-09,0.000263
0.24,0.05349,0.0617,0.06409,0.0175,0.0263,0.0141,0.026,4.39e-06,1.48e-07,0.00338,0.0,2.17e-09,0.000256
0.24,0.05348,0.0618,0.06419,0.0175,0.0263,0.0141,0.026,4.39e-06,1.47e-07,0.00337,0.0,2.02e-09,0.000249
0.24,0.05347,0.0619,0.06429,0.0175,0.0262,0.0141,0.026,4.38e-06,1.45e-07,0.00337,0.0,1.87e-09,0.000242
0.24,0.05345,0.062,0.06439,0.0174,0.0262,0.0141,0.0259,4.37e-06,1.44e-07,0.00337,0.0,1.74e-09,0.000235
0.24,0.05344,0.0621,0.06449,0.0174,0.0261,0.0141,0.0259,4.37e-06,1.43e-07,0.00336,0.0,1.61e-09,0.000229
0.24,0.05343,0.0622,0.06459,0.0174,0.0261,0.014,0.0259,4.36e-06,1.41e-07,0.00336,0.0,1.49e-09,0.000223
0.24,0.05342,0.0623,0.06469,0.0174,0.0261,0.014,0.0259,4.35e-06,1.4e-07,0.00335,0.0,1.38e-09,0.000216
0.24,0.0534,0.0624,0.06479,0.0173,0.026,0.014,0.0258,4.35e-06,1.39e-07,0.00335,0.0,1.28e-09,0.00021
0.24,0.05339,0.0625,0.06489,0.0173,0.026,0.014,0.0258,4.34e-06,1.38e-07,0.00335,0.0,1.19e-09,0.000205
0.24,0.05338,0.0626,0.06499,0.0173,0.026,0.0139,0.0258,4.34e-06,1.37e-07,0.00334,0.0,1.1e-09,0.000199
0.24,0.05336,0.0627,0.06509,0.0173,0.0259,0.0139,0.0257,4.33e-06,1.36e-07,0.00334,0.0,1.02e-09,0.000193
0.24,0.05335,0.0628,0.06519,0.0172,0.0259,0.0139,0.0257,4.33e-06,1.35e-07,0.00334,0.0,9.44e-10,0.000188
0.24,0.05334,0.0629,0.06529,0.0172,0.0259,0.0139,0.0257,6.13e-06,2.26e-07,0.00333,0.0,8.74e-10,0.000182
0.24,0.05332,0.063,0.06539,0.0172,0.0258,0.0138,0.0257,6.11e-06,2.23e-07,0.00333,0.0,8.09e-10,0.000177
0.24,0.05331,0.0631,0.06549,0.0171,0.0258,0.0138,0.0256,6.1e-06,2.2e-07,0.00333,0.0,7.49e-10,0.000172
0.24,0.0533,0.0632,0.06558,0.0171,0.0258,0.0138,0.0256,6.09e-06,2.18e-07,0.00332,0.0,6.93e-10,0.000167
0.24,0.05329,0.0633,0.06568,0.0171,0.0257,0.0138,0.0256,6.07e-06,2.15e-07,0.00332,0.0,6.4e-10,0.000162
0.24,0.05327,0.0634,0.06578,0.0171,0.0257,0.0137,0.0255,6.06e-06,2.13e-07,0.00331,0.0,5.92e-10,0.000157
0.24,0.05326,0.0635,0.06588,0.017,0.0257,0.0137,0.0255,6.05e-06,2.11e-07,0.00331,0.0,5.47e-10,0.000153
0.24,0.05325,0.0636,0.06598,0.017,0.0256,0.0137,0.0255,6.04e-06,2.09e-07,0.00331,0.0,5.06e-10,0.000148
0.24,0.05323,0.0637,0.06608,0.017,0.0256,0.0137,0.0254,6.03e-06,2.06e-07,0.0033,0.0,4.67e-10,0.000144
0.24,0.05322,0.0638,0.06618,0.0169,0.0256,0.0136,0.0254,6.02e-06,2.05e-07,0.0033,0.0,4.32e-10,0.00014
0.24,0.05321,0.0639,0.06628,0.0169,0.0255,0.0136,0.0254,6.01e-06,2.03e-07,0.00329,0.0,3.99e-10,0.000136
0.24,0.05319,0.064,0.06638,0.0169,0.0255,0.0136,0.0253,6e-06,2.01e-07,0.00329,0.0,3.68e-10,0.000131
0.24,0.05318,0.0641,0.06648,0.0168,0.0254,0.0136,0.0253,6e-06,1.99e-07,0.00329,0.0,3.4e-10,0.000128
0.24,0.05317,0.0642,0.06658,0.0168,0.0254,0.0135,0.0253,5.99e-06,1.97e-07,0.00328,0.0,3.13e-10,0.000124
0.24,0.05315,0.0643,0.06668,0.0168,0.0254,0.0135,0.0253,5.98e-06,1.96e-07,0.00328,0.0,2.89e-10,0.00012
0.24,0.05314,0.0644,0.06678,0.0168,0.0253,0.0135,0.0252,5.98e-06,1.94e-07,0.00327,0.0,2.67e-10,0.000116
0.24,0.05313,0.0645,0.06688,0.0167,0.0253,0.0135,0.0252,5.97e-06,1.93e-07,0.00327,0.0,2.46e-10,0.000113
0.24,0.05311,0.0646,0.06698,0.0167,0.0253,0.0134,0.0252,5.97e-06,1.91e-07,0.00327,0.0,2.27e-10,0.000109
0.24,0.0531,0.0647,0.06708,0.0167,0.0252,0.0134,0.0251,5.96e-06,1.9e-07,0.00326,0.0,2.09e-10,0.000106
0.24,0.05309,0.0648,0.06718,0.0166,0.0252,0.0134,0.0251,5.96e-06,1.89e-07,0.00326,0.0,1.92e-10,0.000103
0.24,0.05307,0.0649,0.06727,0.0166,0.0252,0.0134,0.0251,5.95e-06,1.87e-07,0.00325,0.0,1.77e-10,9.93e-05
0.24,0.05306,0.065,0.06737,0.0166,0.0251,0.0133,0.025,8.06e-06,3e-07,0.00325,0.0,1.63e-10,9.62e-05
0.24,0.05305,0.0651,0.06747,0.0166,0.0251,0.0133,0.025,8.05e-06,2.97e-07,0.00324,0.0,1.5e-10,9.32e-05
0.24,0.05303,0.0652,0.06757,0.0165,0.0251,0.0133,0.025,8.03e-06,2.93e-07,0.00324,0.0,1.38e-10,9.03e-05
0.24,0.05302,0.0653,0.06767,0.0165,0.025,0.0132,0.0249,8.02e-06,2.9e-07,0.00324,0.0,1.27e-10,8.74e-05
0.24,0.05301,0.0654,0.06777,0.0165,0.025,0.0132,0.0249,8e-06,2.87e-07,0.00323,0.0,1.17e-10,8.46e-05
0.24,0.05299,0.0655,0.06787,0.0164,0.0249,0.0132,0.0249,7.99e-06,2.84e-07,0.00323,0.0,1.08e-10,8.19e-05
0.24,0.05298,0.0656,0.06797,0.0164,0.0249,0.0132,0.0248,7.98e-06,2.81e-07,0.00322,0.0,9.91e-11,7.93e-05
0.24,0.05297,0.0657,0.06807,0.0164,0.0249,0.0131,0.0248,7.97e-06,2.79e-07,0.00322,0.0,9.11e-11,7.67e-05
0.24,0.05295,0.0658,0.06817,0.0163,0.0248,0.0131,0.0248,7.96e-06,2.76e-07,0.00321,0.0,8.37e-11,7.42e-05
0.24,0.05294,0.0659,0.06827,0.0163,0.0248,0.0131,0.0247,7.95e-06,2.74e-07,0.00321,0.0,7.7e-11,7.18e-05
0.24,0.05293,0.066,0.06837,0.0163,0.0248,0.0131,0.0247,7.94e-06,2.71e-07,0.0032,0.0,7.07e-11,6.95e-05
0.24,0.05291,0.0661,0.06847,0.0162,0.0247,0.013,0.0247,7.93e-06,2.69e-07,0.0032,0.0,6.49e-11,6.72e-05
0.24,0.0529,0.0662,0.06857,0.0162,0.0247,0.013,0.0246,7.93e-06,2.67e-07,0.0032,0.0,5.96e-11,6.5e-05
0.24,0.05288,0.0663,0.06867,0.0162,0.0247,0.013,0.0246,7.92e-06,2.65e-07,0.00319,0.0,5.47e-11,6.28e-05
0.24,0.05287,0.0664,0.06877,0.0162,0.0246,0.013,0.0246,7.91e-06,2.63e-07,0.00319,0.0,5.02e-11,6.07e-05
0.24,0.05286,0.0665,0.06887,0.0161,0.0246,0.0129,0.0245,7.91e-06,2.61e-07,0.00318,0.0,4.61e-11,5.87e-05
0.24,0.05284,0.0666,0.06896,0.0161,0.0245,0.0129,0.0245,7.9e-06,2.59e-07,0.00318,0.0,4.23e-11,5.67e-05
0.24,0.05283,0.0667,0.06906,0.0161,0.0245,0.0129,0.0245,7.9e-06,2.57e-07,0.00317,0.0,3.88e-11,5.48e-05
0.24,0.05282,0.0668,0.06916,0.016,0.0245,0.0129,0.0244,7.89e-06,2.56e-07,0.00317,0.0,3.56e-11,5.3e-05
0.24,0.0528,0.0669,0.06926,0.016,0.0244,0.0128,0.0244,7.89e-06,2.54e-07,0.00316,0.0,3.26e-11,5.12e-05
0.24,0.05279,0.067,0.06936,0.016,0.0244,0.0128,0.0244,1.04e-05,3.96e-07,0.00316,0.0,2.99e-11,4.95e-05
0.24,0.05278,0.0671,0.06946,0.0159,0.0244,0.0128,0.0243,1.03e-05,3.91e-07,0.00315,0.0,2.74e-11,4.78e-05
0.24,0.05276,0.0672,0.06956,0.0159,0.0243,0.0127,0.0243,1.03e-05,3.87e-07,0.00315,0.0,2.51e-11,4.61e-05
0.24,0.05275,0.0673,0.06966,0.0159,0.0243,0.0127,0.0242,1.03e-05,3.82e-07,0.00314,0.0,2.3e-11,4.45e-05
0.24,0.05273,0.0674,0.06976,0.0158,0.0243,0.0127,0.0242,1.03e-05,3.78e-07,0.00314,0.0,2.1e-11,4.3e-05
0.24,0.05272,0.0675,0.06986,0.0158,0.0242,0.0127,0.0242,1.03e-05,3.75e-07,0.00313,0.0,1.92e-11,4.15e-05
0.24,0.05271,0.0676,0.06996,0.0158,0.0242,0.0126,0.0241,1.03e-05,3.71e-07,0.00313,0.0,1.76e-11,4.01e-05
0.24,0.05269,0.0677,0.07006,0.0157,0.0241,0.0126,0.0241,1.03e-05,3.68e-07,0.00312,0.0,1.61e-11,3.87e-05
0.24,0.05268,0.0678,0.07016,0.0157,0.0241,0.0126,0.0241,1.03e-05,3.64e-07,0.00312,0.0,1.47e-11,3.73e-05
0.24,0.05266,0.0679,0.07026,0.0157,0.0241,0.0126,0.024,1.02e-05,3.61e-07,0.00311,0.0,1.35e-11,3.6e-05
0.24,0.05265,0.068,0.07036,0.0156,0.024,0.0125,0.024,1.02e-05,3.58e-07,0.00311,0.0,1.23e-11,3.47e-05
0.24,0.05264,0.0681,0.07046,0.0156,0.024,0.0125,0.024,1.02e-05,3.55e-07,0.0031,0.0,1.12e-11,3.35e-05
0.24,0.05262,0.0682,0.07055,0.0156,0.024,0.0125,0.0239,1.02e-05,3.53e-07,0.0031,0.0,1.03e-11,3.23e-05
0.24,0.05261,0.0683,0.07065,0.0156,0.0239,0.0124,0.0239,1.02e-05,3.5e-07,0.00309,0.0,9.39e-12,3.11e-05
0.24,0.05259,0.0684,0.07075,0.0155,0.0239,0.0124,0.0239,1.02e-05,3.47e-07,0.00309,0.0,8.57e-12,3e-05
0.24,0.05258,0.0685,0.07085,0.0155,0.0239,0.0124,0.0238,1.02e-05,3.45e-07,0.00308,0.0,7.83e-12,2.89e-05
0.24,0.05257,0.0686,0.07095,0.0155,0.0238,0.0124,0.0238,1.02e-05,3.42e-07,0.00308,0.0,7.15e-12,2.79e-05
0.24,0.05255,0.0687,0.07105,0.0154,0.0238,0.0123,0.0238,1.02e-05,3.4e-07,0.00307,0.0,6.52e-12,2.69e-05
0.24,0.05254,0.0688,0.07115,0.0154,0.0237,0.0123,0.0237,1.02e-05,3.38e-07,0.00307,0.0,5.95e-12,2.59e-05
0.24,0.05252,0.0689,0.07125,0.0154,0.0237,0.0123,0.0237,1.02e-05,3.36e-07,0.00306,0.0,5.43e-12,2.5e-05
0.24,0.05251,0.069,0.07135,0.0153,0.0237,0.0123,0.0236,1.02e-05,3.34e-07,0.00306,0.0,4.95e-12,2.4e-05
0.24,0.0525,0.0691,0.07145,0.0153,0.0236,0.0122,0.0236,1.31e-05,5.07e-07,0.00305,0.0,4.51e-12,2.32e-05
0.24,0.05248,0.0692,0.07155,0.0153,0.0236,0.0122,0.0236,1.3e-05,5.01e-07,0.00305,0.0,4.11e-12,2.23e-05
0.24,0.05247,0.0693,0.07165,0.0152,0.0236,0.0122,0.0235,1.3e-05,4.96e-07,0.00304,0.0,3.75e-12,2.15e-05
0.24,0.05245,0.0694,0.07175,0.0152,0.0235,0.0121,0.0235,1.3e-05,4.91e-07,0.00304,0.0,3.41e-12,2.07e-05
0.24,0.05244,0.0695,0.07185,0.0152,0.0235,0.0121,0.0235,1.3e-05,4.86e-07,0.00303,0.0,3.11e-12,1.99e-05
0.24,0.05242,0.0696,0.07195,0.0151,0.0234,0.0121,0.0234,1.3e-05,4.81e-07,0.00303,0.0,2.83e-12,1.92e-05
0.24,0.05241,0.0697,0.07204,0.0151,0.0234,0.0121,0.0234,1.3e-05,4.77e-07,0.00302,0.0,2.58e-12,1.84e-05
0.24,0.0524,0.0698,0.07214,0.0151,0.0234,0.012,0.0234,1.3e-05,4.73e-07,0.00302,0.0,2.35e-12,1.77e-05
0.24,0.05238,0.0699,0.07224,0.015,0.0233,0.012,0.0233,1.29e-05,4.69e-07,0.00301,0.0,2.13e-12,1.71e-05
0.24,0.05237,0.07,0.07234,0.015,0.0233,0.012,0.0233,1.29e-05,4.65e-07,0.003,0.0,1.94e-12,1.64e-05
0.24,0.05235,0.0701,0.07244,0.015,0.0233,0.012,0.0232,1.29e-05,4.61e-07,0.003,0.0,1.77e-12,1.58e-05
0.24,0.05234,0.0702,0.07254,0.0149,0.0232,0.0119,0.0232,1.29e-05,4.58e-07,0.00299,0.0,1.61e-12,1.52e-05
0.24,0.05232,0.0703,0.07264,0.0149,0.0232,0.0119,0.0232,1.29e-05,4.54e-07,0.00299,0.0,1.46e-12,1.46e-05
0.24,0.05231,0.0704,0.07274,0.0149,0.0231,0.0119,0.0231,1.29e-05,4.51e-07,0.00298,0.0,1.33e-12,1.4e-05
0.24,0.05229,0.0705,0.07284,0.0148,0.0231,0.0118,0.0231,1.29e-05,4.48e-07,0.00298,0.0,1.21e-12,1.35e-05
0.24,0.05228,0.0706,0.07294,0.0148,0.0231,0.0118,0.0231,1.29e-05,4.45e-07,0.00297,0.0,1.09e-12,1.3e-05
0.24,0.05227,0.0707,0.07304,0.0148,0.023,0.0118,0.023,1.29e-05,4.42e-07,0.00297,0.0,9.94e-13,1.25e-05
0.24,0.05225,0.0708,0.07314,0.0147,0.023,0.0118,0.023,1.29e-05,4.39e-07,0.00296,0.0,9.03e-13,1.2e-05
0.24,0.05224,0.0709,0.07324,0.0147,0.023,0.0117,0.0229,1.29e-05,4.37e-07,0.00296,0.0,8.19e-13,1.15e-05
0.24,0.05222,0.071,0.07334,0.0147,0.0229,0.0117,0.0229,1.29e-05,4.34e-07,0.00295,0.0,7.43e-13,1.11e-05
0.24,0.05221,0.0711,0.07344,0.0146,0.0229,0.0117,0.0229,1.62e-05,6.49e-07,0.00294,0.0,6.74e-13,1.06e-05
0.24,0.05219,0.0712,0.07354,0.0146,0.0228,0.0117,0.0228,1.62e-05,6.41e-07,0.00294,0.0,6.12e-13,1.02e-05
0.24,0.05218,0.0713,0.07363,0.0146,0.0228,0.0116,0.0228,1.62e-05,6.35e-07,0.00293,0.0,5.55e-13,9.8e-06
0.24,0.05216,0.0714,0.07373,0.0145,0.0228,0.0116,0.0228,1.62e-05,6.28e-07,0.00293,0.0,5.03e-13,9.41e-06
0.24,0.05215,0.0715,0.07383,0.0145,0.0227,0.0116,0.0227,1.62e-05,6.22e-07,0.00292,0.0,4.56e-13,9.03e-06
0.24,0.05213,0.0716,0.07393,0.0145,0.0227,0.0115,0.0227,1.62e-05,6.16e-07,0.00292,0.0,4.13e-13,8.67e-06
0.24,0.05212,0.0717,0.07403,0.0144,0.0227,0.0115,0.0226,1.61e-05,6.11e-07,0.00291,0.0,3.74e-13,8.32e-06
0.24,0.0521,0.0718,0.07413,0.0144,0.0226,0.0115,0.0226,1.61e-05,6.06e-07,0.00291,0.0,3.39e-13,7.98e-06
0.24,0.05209,0.0719,0.07423,0.0144,0.0226,0.0115,0.0226,1.61e-05,6.01e-07,0.0029,0.0,3.07e-13,7.66e-06
0.24,0.05208,0.072,0.07433,0.0143,0.0225,0.0114,0.0225,1.61e-05,5.96e-07,0.00289,0.0,2.78e-13,7.35e-06
0.24,0.05206,0.0721,0.07443,0.0143,0.0225,0.0114,0.0225,1.61e-05,5.91e-07,0.00289,0.0,2.51e-13,7.05e-06
0.24,0.05205,0.0722,0.07453,0.0143,0.0225,0.0114,0.0225,1.61e-05,5.87e-07,0.00288,0.0,2.27e-13,6.76e-06
0.24,0.05203,0.0723,0.07463,0.0142,0.0224,0.0113,0.0224,1.61e-05,5.82e-07,0.00288,0.0,2.06e-13,6.48e-06
0.24,0.05202,0.0724,0.07473,0.0142,0.0224,0.0113,0.0224,1.61e-05,5.78e-07,0.00287,0.0,1.86e-13,6.21e-06
0.24,0.052,0.0725,0.07483,0.0142,0.0224,0.0113,0.0223,1.61e-05,5.74e-07,0.00287,0.0,1.68e-13,5.96e-06
0.24,0.05199,0.0726,0.07493,0.0141,0.0223,0.0113,0.0223,1.61e-05,5.71e-07,0.00286,0.0,1.52e-13,5.71e-06
0.24,0.05197,0.0727,0.07503,0.0141,0.0223,0.0112,0.0223,1.61e-05,5.67e-07,0.00285,0.0,1.37e-13,5.47e-06
0.24,0.05196,0.0728,0.07512,0.0141,0.0222,0.0112,0.0222,1.61e-05,5.63e-07,0.00285,0.0,1.24e-13,5.24e-06
0.24,0.05194,0.0729,0.07522,0.014,0.0222,0.0112,0.0222,1.61e-05,5.6e-07,0.00284,0.0,1.12e-13,5.02e-06
0.24,0.05193,0.073,0.07532,0.014,0.0222,0.0112,0.0222,1.61e-05,5.57e-07,0.00284,0.0,1.01e-13,4.81e-06
0.24,0.05191,0.0731,0.07542,0.014,0.0221,0.0111,0.0221,1.61e-05,5.53e-07,0.00283,0.0,9.13e-14,4.61e-06
0.24,0.0519,0.0732,0.07552,0.0139,0.0221,0.0111,0.0221,1.99e-05,8.12e-07,0.00283,0.0,8.24e-14,4.42e-06
0.24,0.05188,0.0733,0.07562,0.0139,0.022,0.0111,0.022,1.99e-05,8.04e-07,0.00282,0.0,7.44e-14,4.23e-06
0.24,0.05187,0.0734,0.07572,0.0139,0.022,0.011,0.022,1.99e-05,7.96e-07,0.00281,0.0,6.71e-14,4.05e-06
0.24,0.05185,0.0735,0.07582,0.0138,0.022,0.011,0.022,1.99e-05,7.88e-07,0.00281,0.0,6.05e-14,3.88e-06
0.24,0.05184,0.0736,0.07592,0.0138,0.0219,0.011,0.0219,1.99e-05,7.81e-07,0.0028,0.0,5.46e-14,3.71e-06
0.24,0.05182,0.0737,0.07602,0.0138,0.0219,0.011,0.0219,1.99e-05,7.74e-07,0.0028,0.0,4.92e-14,3.55e-06
0.24,0.05181,0.0738,0.07612,0.0137,0.0219,0.0109,0.0219,1.99e-05,7.67e-07,0.00279,0.0,4.43e-14,3.4e-06
0.24,0.05179,0.0739,0.07622,0.0137,0.0218,0.0109,0.0218,1.99e-05,7.61e-07,0.00278,0.0,3.99e-14,3.25e-06
0.24,0.05178,0.074,0.07632,0.0137,0.0218,0.0109,0.0218,1.98e-05,7.55e-07,0.00278,0.0,3.6e-14,3.11e-06
0.24,0.05176,0.0741,0.07642,0.0136,0.0217,0.0109,0.0217,1.98e-05,7.49e-07,0.00277,0.0,3.24e-14,2.97e-06
0.24,0.05175,0.0742,0.07652,0.0136,0.0217,0.0108,0.0217,1.98e-05,7.43e-07,0.00277,0.0,2.92e-14,2.84e-06
0.24,0.05173,0.0743,0.07661,0.0136,0.0217,0.0108,0.0217,1.98e-05,7.38e-07,0.00276,0.0,2.62e-14,2.72e-06
0.24,0.05171,0.0744,0.07671,0.0135,0.0216,0.0108,0.0216,1.98e-05,7.33e-07,0.00276,0.0,2.36e-14,2.6e-06
0.24,0.0517,0.0745,0.07681,0.0135,0.0216,0.0107,0.0216,1.98e-05,7.28e-07,0.00275,0.0,2.13e-14,2.49e-06
0.24,0.05168,0.0746,0.07691,0.0135,0.0216,0.0107,0.0216,1.98e-05,7.23e-07,0.00274,0.0,1.91e-14,2.38e-06
0.24,0.05167,0.0747,0.07701,0.0134,0.0215,0.0107,0.0215,1.98e-05,7.19e-07,0.00274,0.0,1.72e-14,2.27e-06
0.24,0.05165,0.0748,0.07711,0.0134,0.0215,0.0107,0.0215,1.98e-05,7.14e-07,0.00273,0.0,1.55e-14,2.17e-06
0.24,0.05164,0.0749,0.07721,0.0134,0.0214,0.0106,0.0214,1.98e-05,7.1e-07,0.00273,0.0,1.39e-14,2.07e-06
0.24,0.05162,0.075,0.07731,0.0133,0.0214,0.0106,0.0214,1.98e-05,7.06e-07,0.00272,0.0,1.25e-14,1.98e-06
0.24,0.05161,0.0751,0.07741,0.0133,0.0214,0.0106,0.0214,1.98e-05,7.02e-07,0.00271,0.0,1.12e-14,1.89e-06
0.24,0.05159,0.0752,0.07751,0.0133,0.0213,0.0106,0.0213,2.43e-05,1.02e-06,0.00271,0.0,1.01e-14,1.81e-06
0.24,0.05158,0.0753,0.07761,0.0133,0.0213,0.0105,0.0213,2.43e-05,1.01e-06,0.0027,0.0,9.04e-15,1.73e-06
0.24,0.05156,0.0754,0.07771,0.0132,0.0212,0.0105,0.0212,2.43e-05,9.98e-07,0.0027,0.0,8.11e-15,1.65e-06
0.24,0.05155,0.0755,0.07781,0.0132,0.0212,0.0105,0.0212,2.42e-05,9.89e-07,0.00269,0.0,7.28e-15,1.57e-06
0.24,0.05153,0.0756,0.07791,0.0132,0.0212,0.0104,0.0212,2.42e-05,9.79e-07,0.00268,0.0,6.53e-15,1.5e-06
0.24,0.05152,0.0757,0.078,0.0131,0.0211,0.0104,0.0211,2.42e-05,9.71e-07,0.00268,0.0,5.86e-15,1.43e-06
0.24,0.0515,0.0758,0.0781,0.0131,0.0211,0.0104,0.0211,2.42e-05,9.63e-07,0.00267,0.0,5.26e-15,1.37e-06
0.24,0.05148,0.0759,0.0782,0.0131,0.0211,0.0104,0.0211,2.42e-05,9.55e-07,0.00267,0.0,4.71e-15,1.31e-06
0.24,0.05147,0.076,0.0783,0.013,0.021,0.0103,0.021,2.42e-05,9.47e-07,0.00266,0.0,4.22e-15,1.25e-06
0.24,0.05145,0.0761,0.0784,0.013,0.021,0.0103,0.021,2.42e-05,9.4e-07,0.00265,0.0,3.78e-15,1.19e-06
0.24,0.05144,0.0762,0.0785,0.013,0.0209,0.0103,0.0209,2.42e-05,9.33e-07,0.00265,0.0,3.39e-15,1.13e-06
0.24,0.05142,0.0763,0.0786,0.0129,0.0209,0.0103,0.0209,2.42e-05,9.27e-07,0.00264,0.0,3.04e-15,1.08e-06
0.24,0.05141,0.0764,0.0787,0.0129,0.0209,0.0102,0.0209,2.42e-05,9.2e-07,0.00264,0.0,2.72e-15,1.03e-06
0.24,0.05139,0.0765,0.0788,0.0129,0.0208,0.0102,0.0208,2.42e-05,9.14e-07,0.00263,0.0,2.43e-15,9.82e-07
0.24,0.05137,0.0766,0.0789,0.0128,0.0208,0.0102,0.0208,2.42e-05,9.08e-07,0.00262,0.0,0.0,9.36e-07
0.24,0.05136,0.0767,0.079,0.0128,0.0208,0.0101,0.0208,2.42e-05,9.03e-07,0.00262,0.0,0.0,8.92e-07
0.24,0.05134,0.0768,0.0791,0.0128,0.0207,0.0101,0.0207,2.42e-05,8.97e-07,0.00261,0.0,0.0,8.5e-07
0.24,0.05133,0.0769,0.0792,0.0127,0.0207,0.0101,0.0207,2.42e-05,8.92e-07,0.00261,0.0,0.0,8.1e-07
0.24,0.05131,0.077,0.0793,0.0127,0.0206,0.0101,0.0206,2.42e-05,8.87e-07,0.0026,0.0,0.0,7.72e-07
0.24,0.0513,0.0771,0.0794,0.0127,0.0206,0.01,0.0206,2.42e-05,8.82e-07,0.00259,0.0,0.0,7.35e-07
0.24,0.05128,0.0772,0.07949,0.0126,0.0206,0.01,0.0206,2.93e-05,1.27e-06,0.00259,0.0,0.0,7e-07
0.24,0.05126,0.0773,0.07959,0.0126,0.0205,0.00999,0.0205,2.93e-05,1.25e-06,0.00258,0.0,0.0,6.67e-07
0.24,0.05125,0.0774,0.07969,0.0126,0.0205,0.00996,0.0205,2.93e-05,1.24e-06,0.00257,0.0,0.0,6.35e-07
0.24,0.05123,0.0775,0.07979,0.0125,0.0204,0.00994,0.0204,2.93e-05,1.23e-06,0.00257,0.0,0.0,6.04e-07
0.24,0.05122,0.0776,0.07989,0.0125,0.0204,0.00991,0.0204,2.93e-05,1.22e-06,0.00256,0.0,0.0,5.75e-07
0.24,0.0512,0.0777,0.07999,0.0125,0.0204,0.00988,0.0204,2.93e-05,1.21e-06,0.00256,0.0,0.0,5.48e-07
0.24,0.05119,0.0778,0.08009,0.0124,0.0203,0.00986,0.0203,2.93e-05,1.2e-06,0.00255,0.0,0.0,5.21e-07
0.24,0.05117,0.0779,0.08019,0.0124,0.0203,0.00983,0.0203,2.93e-05,1.19e-06,0.00254,0.0,0.0,4.96e-07
0.24,0.05115,0.078,0.08029,0.0124,0.0203,0.0098,0.0203,2.93e-05,1.18e-06,0.00254,0.0,0.0,4.72e-07
0.24,0.05114,0.0781,0.08039,0.0123,0.0202,0.00978,0.0202,2.93e-05,1.17e-06,0.00253,0.0,0.0,4.49e-07
0.24,0.05112,0.0782,0.08049,0.0123,0.0202,0.00975,0.0202,2.93e-05,1.16e-06,0.00253,0.0,0.0,4.27e-07
0.24,0.05111,0.0783,0.08059,0.0123,0.0201,0.00972,0.0201,2.93e-05,1.15e-06,0.00252,0.0,0.0,4.06e-07
0.24,0.05109,0.0784,0.08069,0.0122,0.0201,0.0097,0.0201,2.93e-05,1.15e-06,0.00251,0.0,0.0,3.86e-07
0.24,0.05107,0.0785,0.08079,0.0122,0.0201,0.00967,0.0201,2.93e-05,1.14e-06,0.00251,0.0,0.0,3.67e-07
0.24,0.05106,0.0786,0.08088,0.0122,0.02,0.00964,0.02,2.93e-05,1.13e-06,0.0025,0.0,0.0,3.49e-07
0.24,0.05104,0.0787,0.08098,0.0121,0.02,0.00962,0.02,2.93e-05,1.12e-06,0.0025,0.0,0.0,3.31e-07
0.24,0.05103,0.0788,0.08108,0.0121,0.02,0.00959,0.02,2.93e-05,1.12e-06,0.00249,0.0,0.0,3.15e-07
0.24,0.05101,0.0789,0.08118,0.0121,0.0199,0.00956,0.0199,2.93e-05,1.11e-06,0.00248,0.0,0.0,2.99e-07
0.24,0.05099,0.079,0.08128,0.012,0.0199,0.00954,0.0199,2.93e-05,1.1e-06,0.00248,0.0,0.0,2.84e-07
0.24,0.05098,0.0791,0.08138,0.012,0.0198,0.00951,0.0198,2.93e-05,1.1e-06,0.00247,0.0,0.0,2.7e-07
0.24,0.05096,0.0792,0.08148,0.012,0.0198,0.00949,0.0198,2.93e-05,1.09e-06,0.00246,0.0,0.0,2.57e-07
0.24,0.05094,0.0793,0.08158,0.012,0.0198,0.00946,0.0198,3.52e-05,1.55e-06,0.00246,0.0,0.0,2.44e-07
0.24,0.05093,0.0794,0.08168,0.0119,0.0197,0.00943,0.0197,3.52e-05,1.53e-06,0.00245,0.0,0.0,2.31e-07
0.24,0.05091,0.0795,0.08178,0.0119,0.0197,0.00941,0.0197,3.52e-05,1.52e-06,0.00245,0.0,0.0,2.2e-07
0.24,0.0509,0.0796,0.08188,0.0119,0.0197,0.00938,0.0197,3.51e-05,1.51e-06,0.00244,0.0,0.0,2.08e-07
0.24,0.05088,0.0797,0.08198,0.0118,0.0196,0.00936,0.0196,3.51e-05,1.49e-06,0.00243,0.0,0.0,1.98e-07
0.24,0.05086,0.0798,0.08208,0.0118,0.0196,0.00933,0.0196,3.51e-05,1.48e-06,0.00243,0.0,0.0,1.88e-07
0.24,0.05085,0.0799,0.08218,0.0118,0.0195,0.0093,0.0195,3.51e-05,1.47e-06,0.00242,0.0,0.0,1.78e-07
0.24,0.05083,0.08,0.08227,0.0117,0.0195,0.00928,0.0195,3.51e-05,1.46e-06,0.00242,0.0,0.0,1.69e-07
0.24,0.05081,0.0801,0.08237,0.0117,0.0195,0.00925,0.0195,3.51e-05,1.45e-06,0.00241,0.0,0.0,1.6e-07
0.24,0.0508,0.0802,0.08247,0.0117,0.0194,0.00923,0.0194,3.51e-05,1.44e-06,0.0024,0.0,0.0,1.52e-07
0.24,0.05078,0.0803,0.08257,0.0116,0.0194,0.0092,0.0194,3.51e-05,1.43e-06,0.0024,0.0,0.0,1.44e-07
0.24,0.05077,0.0804,0.08267,0.0116,0.0194,0.00917,0.0194,3.52e-05,1.42e-06,0.00239,0.0,0.0,1.37e-07
0.24,0.05075,0.0805,0.08277,0.0116,0.0193,0.00915,0.0193,3.52e-05,1.41e-06,0.00238,0.0,0.0,1.3e-07
0.24,0.05073,0.0806,0.08287,0.0115,0.0193,0.00912,0.0193,3.52e-05,1.4e-06,0.00238,0.0,0.0,1.23e-07
0.24,0.05072,0.0807,0.08297,0.0115,0.0192,0.0091,0.0192,3.52e-05,1.39e-06,0.00237,0.0,0.0,1.17e-07
0.24,0.0507,0.0808,0.08307,0.0115,0.0192,0.00907,0.0192,3.52e-05,1.38e-06,0.00237,0.0,0.0,1.1e-07
0.24,0.05068,0.0809,0.08317,0.0114,0.0192,0.00905,0.0192,3.52e-05,1.37e-06,0.00236,0.0,0.0,1.05e-07
0.24,0.05067,0.081,0.08327,0.0114,0.0191,0.00902,0.0191,3.52e-05,1.37e-06,0.00235,0.0,0.0,9.91e-08
0.24,0.05065,0.0811,0.08337,0.0114,0.0191,0.009,0.0191,3.52e-05,1.36e-06,0.00235,0.0,0.0,9.39e-08
0.24,0.05063,0.0812,0.08347,0.0113,0.0191,0.00897,0.0191,3.53e-05,1.35e-06,0.00234,0.0,0.0,8.89e-08
0.24,0.05062,0.0813,0.08356,0.0113,0.019,0.00894,0.019,4.19e-05,1.9e-06,0.00234,0.0,0.0,8.42e-08
0.24,0.0506,0.0814,0.08366,0.0113,0.019,0.00892,0.019,4.19e-05,1.88e-06,0.00233,0.0,0.0,7.98e-08
0.24,0.05058,0.0815,0.08376,0.0113,0.019,0.00889,0.0189,4.19e-05,1.86e-06,0.00232,0.0,0.0,7.55e-08
0.24,0.05057,0.0816,0.08386,0.0112,0.0189,0.00887,0.0189,4.19e-05,1.85e-06,0.00232,0.0,0.0,7.15e-08
0.24,0.05055,0.0817,0.08396,0.0112,0.0189,0.00884,0.0189,4.19e-05,1.83e-06,0.00231,0.0,0.0,6.77e-08
0.24,0.05053,0.0818,0.08406,0.0112,0.0188,0.00882,0.0188,4.19e-05,1.82e-06,0.00231,0.0,0.0,6.4e-08
0.24,0.05052,0.0819,0.08416,0.0111,0.0188,0.00879,0.0188,4.19e-05,1.8e-06,0.0023,0.0,0.0,6.06e-08
0.24,0.0505,0.082,0.08426,0.0111,0.0188,0.00877,0.0188,4.19e-05,1.79e-06,0.00229,0.0,0.0,5.73e-08
0.24,0.05048,0.0821,0.08436,0.0111,0.0187,0.00874,0.0187,4.19e-05,1.77e-06,0.00229,0.0,0.0,5.42e-08
0.24,0.05047,0.0822,0.08446,0.011,0.0187,0.00872,0.0187,4.19e-05,1.76e-06,0.00228,0.0,0.0,5.13e-08
0.24,0.05045,0.0823,0.08456,0.011,0.0187,0.00869,0.0187,4.2e-05,1.75e-06,0.00227,0.0,0.0,4.85e-08
0.24,0.05043,0.0824,0.08466,0.011,0.0186,0.00867,0.0186,4.2e-05,1.74e-06,0.00227,0.0,0.0,4.59e-08
0.24,0.05042,0.0825,0.08476,0.0109,0.0186,0.00864,0.0186,4.2e-05,1.73e-06,0.00226,0.0,0.0,4.34e-08
0.24,0.0504,0.0826,0.08486,0.0109,0.0185,0.00862,0.0185,4.2e-05,1.72e-06,0.00226,0.0,0.0,4.1e-08
0.24,0.05038,0.0827,0.08495,0.0109,0.0185,0.00859,0.0185,4.2e-05,1.71e-06,0.00225,0.0,0.0,3.87e-08
0.24,0.05037,0.0828,0.08505,0.0109,0.0185,0.00857,0.0185,4.2e-05,1.7e-06,0.00224,0.0,0.0,3.66e-08
0.24,0.05035,0.0829,0.08515,0.0108,0.0184,0.00854,0.0184,4.21e-05,1.69e-06,0.00224,0.0,0.0,3.46e-08
0.24,0.05033,0.083,0.08525,0.0108,0.0184,0.00852,0.0184,4.21e-05,1.68e-06,0.00223,0.0,0.0,3.27e-08
0.24,0.05032,0.0831,0.08535,0.0108,0.0184,0.00849,0.0184,4.21e-05,1.67e-06,0.00223,0.0,0.0,3.09e-08
0.24,0.0503,0.0832,0.08545,0.0107,0.0183,0.00847,0.0183,4.21e-05,1.66e-06,0.00222,0.0,0.0,2.92e-08
0.24,0.05028,0.0833,0.08555,0.0107,0.0183,0.00844,0.0183,4.97e-05,2.31e-06,0.00221,0.0,0.0,2.75e-08
0.24,0.05026,0.0834,0.08565,0.0107,0.0183,0.00842,0.0183,4.97e-05,2.29e-06,0.00221,0.0,0.0,2.6e-08
0.24,0.05025,0.0835,0.08575,0.0106,0.0182,0.0084,0.0182,4.97e-05,2.27e-06,0.0022,0.0,0.0,2.46e-08
0.24,0.05023,0.0836,0.08585,0.0106,0.0182,0.00837,0.0182,4.97e-05,2.25e-06,0.0022,0.0,0.0,2.32e-08
0.24,0.05021,0.0837,0.08595,0.0106,0.0181,0.00835,0.0181,4.97e-05,2.23e-06,0.00219,0.0,0.0,2.19e-08
0.24,0.0502,0.0838,0.08605,0.0106,0.0181,0.00832,0.0181,4.97e-05,2.21e-06,0.00218,0.0,0.0,2.07e-08
0.24,0.05018,0.0839,0.08615,0.0105,0.0181,0.0083,0.0181,4.97e-05,2.19e-06,0.00218,0.0,0.0,1.95e-08
0.24,0.05016,0.084,0.08624,0.0105,0.018,0.00827,0.018,4.97e-05,2.18e-06,0.00217,0.0,0.0,1.84e-08
0.24,0.05014,0.0841,0.08634,0.0105,0.018,0.00825,0.018,4.97e-05,2.16e-06,0.00217,0.0,0.0,1.73e-08
0.24,0.05013,0.0842,0.08644,0.0104,0.018,0.00822,0.018,4.98e-05,2.15e-06,0.00216,0.0,0.0,1.64e-08
0.24,0.05011,0.0843,0.08654,0.0104,0.0179,0.0082,0.0179,4.98e-05,2.13e-06,0.00215,0.0,0.0,1.54e-08
0.24,0.05009,0.0844,0.08664,0.0104,0.0179,0.00818,0.0179,4.98e-05,2.12e-06,0.00215,0.0,0.0,1.45e-08
0.24,0.05008,0.0845,0.08674,0.0103,0.0179,0.00815,0.0179,4.98e-05,2.11e-06,0.00214,0.0,0.0,1.37e-08
0.24,0.05006,0.0846,0.08684,0.0103,0.0178,0.00813,0.0178,4.99e-05,2.09e-06,0.00214,0.0,0.0,1.29e-08
0.24,0.05004,0.0847,0.08694,0.0103,0.0178,0.0081,0.0178,4.99e-05,2.08e-06,0.00213,0.0,0.0,1.22e-08
0.24,0.05002,0.0848,0.08704,0.0103,0.0178,0.00808,0.0178,4.99e-05,2.07e-06,0.00212,0.0,0.0,1.15e-08
0.24,0.05001,0.0849,0.08714,0.0102,0.0177,0.00806,0.0177,4.99e-05,2.06e-06,0.00212,0.0,0.0,1.08e-08
0.24,0.04999,0.085,0.08724,0.0102,0.0177,0.00803,0.0177,5e-05,2.05e-06,0.00211,0.0,0.0,1.02e-08
0.24,0.04997,0.0851,0.08734,0.0102,0.0176,0.00801,0.0176,5e-05,2.03e-06,0.00211,0.0,0.0,9.61e-09
0.24,0.04996,0.0852,0.08744,0.0101,0.0176,0.00798,0.0176,5e-05,2.02e-06,0.0021,0.0,0.0,9.05e-09
0.24,0.04994,0.0853,0.08753,0.0101,0.0176,0.00796,0.0176,5.86e-05,2.8e-06,0.00209,0.0,0.0,8.52e-09
0.24,0.04992,0.0854,0.08763,0.0101,0.0175,0.00794,0.0175,5.86e-05,2.77e-06,0.00209,0.0,0.0,8.03e-09
0.24,0.0499,0.0855,0.08773,0.0101,0.0175,0.00791,0.0175,5.86e-05,2.75e-06,0.00208,0.0,0.0,7.56e-09
0.24,0.04989,0.0856,0.08783,0.01,0.0175,0.00789,0.0175,5.86e-05,2.72e-06,0.00208,0.0,0.0,7.11e-09
0.24,0.04987,0.0857,0.08793,0.00999,0.0174,0.00787,0.0174,5.86e-05,2.7e-06,0.00207,0.0,0.0,6.7e-09
0.24,0.04985,0.0858,0.08803,0.00997,0.0174,0.00784,0.0174,5.87e-05,2.68e-06,0.00206,0.0,0.0,6.3e-09
0.24,0.04983,0.0859,0.08813,0.00994,0.0174,0.00782,0.0174,5.87e-05,2.66e-06,0.00206,0.0,0.0,5.93e-09
0.24,0.04982,0.086,0.08823,0.00991,0.0173,0.0078,0.0173,5.87e-05,2.64e-06,0.00205,0.0,0.0,5.58e-09
0.24,0.0498,0.0861,0.08833,0.00988,0.0173,0.00777,0.0173,5.87e-05,2.62e-06,0.00205,0.0,0.0,5.25e-09
0.24,0.04978,0.0862,0.08843,0.00985,0.0173,0.00775,0.0173,5.87e-05,2.6e-06,0.00204,0.0,0.0,4.94e-09
0.24,0.04976,0.0863,0.08853,0.00982,0.0172,0.00773,0.0172,5.88e-05,2.58e-06,0.00203,0.0,0.0,4.64e-09
0.24,0.04975,0.0864,0.08863,0.00979,0.0172,0.0077,0.0172,5.88e-05,2.57e-06,0.00203,0.0,0.0,4.37e-09
0.24,0.04973,0.0865,0.08873,0.00976,0.0172,0.00768,0.0172,5.88e-05,2.55e-06,0.00202,0.0,0.0,4.1e-09
0.24,0.04971,0.0866,0.08882,0.00973,0.0171,0.00766,0.0171,5.89e-05,2.54e-06,0.00202,0.0,0.0,3.86e-09
0.24,0.04969,0.0867,0.08892,0.0097,0.0171,0.00763,0.0171,5.89e-05,2.52e-06,0.00201,0.0,0.0,3.63e-09
0.24,0.04967,0.0868,0.08902,0.00967,0.0171,0.00761,0.017,5.89e-05,2.51e-06,0.002,0.0,0.0,3.41e-09
0.24,0.04966,0.0869,0.08912,0.00964,0.017,0.00759,0.017,5.9e-05,2.49e-06,0.002,0.0,0.0,3.2e-09
0.24,0.04964,0.087,0.08922,0.00962,0.017,0.00756,0.017,5.9e-05,2.48e-06,0.00199,0.0,0.0,3.01e-09
0.24,0.04962,0.0871,0.08932,0.00959,0.0169,0.00754,0.0169,5.91e-05,2.47e-06,0.00199,0.0,0.0,2.83e-09
0.24,0.0496,0.0872,0.08942,0.00956,0.0169,0.00752,0.0169,5.91e-05,2.45e-06,0.00198,0.0,0.0,2.66e-09
0.24,0.04959,0.0873,0.08952,0.00953,0.0169,0.0075,0.0169,5.92e-05,2.44e-06,0.00198,0.0,0.0,2.49e-09
0.24,0.04957,0.0874,0.08962,0.00951,0.0168,0.00747,0.0168,6.88e-05,3.34e-06,0.00197,0.0,0.0,2.34e-09
0.24,0.04955,0.0875,0.08972,0.00948,0.0168,0.00745,0.0168,6.88e-05,3.31e-06,0.00196,0.0,0.0,2.2e-09
0.24,0.04953,0.0876,0.08982,0.00945,0.0168,0.00743,0.0168,6.88e-05,3.28e-06,0.00196,0.0,0.0,2.06e-09
0.24,0.04952,0.0877,0.08992,0.00943,0.0167,0.0074,0.0167,6.88e-05,3.25e-06,0.00195,0.0,0.0,1.94e-09
0.24,0.0495,0.0878,0.09001,0.0094,0.0167,0.00738,0.0167,6.89e-05,3.23e-06,0.00195,0.0,0.0,1.82e-09
0.24,0.04948,0.0879,0.09011,0.00937,0.0167,0.00736,0.0167,6.89e-05,3.2e-06,0.00194,0.0,0.0,1.71e-09
0.24,0.04946,0.088,0.09021,0.00934,0.0166,0.00734,0.0166,6.89e-05,3.18e-06,0.00194,0.0,0.0,1.6e-09
0.24,0.04944,0.0881,0.09031,0.00931,0.0166,0.00731,0.0166,6.9e-05,3.16e-06,0.00193,0.0,0.0,1.5e-09
0.24,0.04943,0.0882,0.09041,0.00928,0.0166,0.00729,0.0166,6.9e-05,3.13e-06,0.00192,0.0,0.0,1.41e-09
0.24,0.04941,0.0883,0.09051,0.00926,0.0165,0.00727,0.0165,6.91e-05,3.11e-06,0.00192,0.0,0.0,1.32e-09
0.24,0.04939,0.0884,0.09061,0.00923,0.0165,0.00725,0.0165,6.91e-05,3.09e-06,0.00191,0.0,0.0,1.24e-09
0.24,0.04937,0.0885,0.09071,0.0092,0.0165,0.00722,0.0165,6.91e-05,3.07e-06,0.00191,0.0,0.0,1.16e-09
0.24,0.04935,0.0886,0.09081,0.00917,0.0164,0.0072,0.0164,6.92e-05,3.06e-06,0.0019,0.0,0.0,1.09e-09
0.24,0.04934,0.0887,0.09091,0.00914,0.0164,0.00718,0.0164,6.92e-05,3.04e-06,0.0019,0.0,0.0,1.02e-09
0.24,0.04932,0.0888,0.09101,0.00912,0.0164,0.00716,0.0164,6.93e-05,3.02e-06,0.00189,0.0,0.0,9.57e-10
0.24,0.0493,0.0889,0.09111,0.00909,0.0163,0.00714,0.0163,6.93e-05,3e-06,0.00188,0.0,0.0,8.97e-10
0.24,0.04928,0.089,0.09121,0.00906,0.0163,0.00711,0.0163,6.94e-05,2.99e-06,0.00188,0.0,0.0,8.4e-10
0.24,0.04926,0.0891,0.0913,0.00903,0.0163,0.00709,0.0163,6.94e-05,2.97e-06,0.00187,0.0,0.0,7.87e-10
0.24,0.04925,0.0892,0.0914,0.00901,0.0162,0.00707,0.0162,6.95e-05,2.96e-06,0.00187,0.0,0.0,7.38e-10
0.24,0.04923,0.0893,0.0915,0.00898,0.0162,0.00705,0.0162,6.96e-05,2.94e-06,0.00186,0.0,0.0,6.91e-10
0.24,0.04921,0.0894,0.0916,0.00896,0.0162,0.00703,0.0162,8.04e-05,3.99e-06,0.00186,0.0,0.0,6.47e-10
0.24,0.04919,0.0895,0.0917,0.00893,0.0161,0.007,0.0161,8.04e-05,3.96e-06,0.00185,0.0,0.0,6.06e-10
0.24,0.04917,0.0896,0.0918,0.00891,0.0161,0.00698,0.0161,8.04e-05,3.93e-06,0.00184,0.0,0.0,5.67e-10
0.24,0.04915,0.0897,0.0919,0.00888,0.0161,0.00696,0.0161,8.05e-05,3.89e-06,0.00184,0.0,0.0,5.31e-10
0.24,0.04914,0.0898,0.092,0.00885,0.016,0.00694,0.016,8.05e-05,3.86e-06,0.00183,0.0,0.0,4.97e-10
0.24,0.04912,0.0899,0.0921,0.00883,0.016,0.00692,0.016,8.06e-05,3.83e-06,0.00183,0.0,0.0,4.65e-10
0.24,0.0491,0.09,0.0922,0.0088,0.016,0.0069,0.016,8.06e-05,3.81e-06,0.00182,0.0,0.0,4.35e-10
0.24,0.04908,0.0901,0.0923,0.00877,0.0159,0.00687,0.0159,8.07e-05,3.78e-06,0.00182,0.0,0.0,4.07e-10
0.24,0.04906,0.0902,0.0924,0.00874,0.0159,0.00685,0.0159,8.07e-05,3.75e-06,0.00181,0.0,0.0,3.81e-10
0.24,0.04904,0.0903,0.09249,0.00872,0.0159,0.00683,0.0159,8.08e-05,3.73e-06,0.00181,0.0,0.0,3.56e-10
0.24,0.04903,0.0904,0.09259,0.00869,0.0158,0.00681,0.0158,8.08e-05,3.71e-06,0.0018,0.0,0.0,3.33e-10
0.24,0.04901,0.0905,0.09269,0.00866,0.0158,0.00679,0.0158,8.09e-05,3.68e-06,0.00179,0.0,0.0,3.11e-10
0.24,0.04899,0.0906,0.09279,0.00864,0.0158,0.00677,0.0158,8.09e-05,3.66e-06,0.00179,0.0,0.0,2.91e-10
0.24,0.04897,0.0907,0.09289,0.00861,0.0157,0.00675,0.0157,8.1e-05,3.64e-06,0.00178,0.0,0.0,2.72e-10
0.24,0.04895,0.0908,0.09299,0.00858,0.0157,0.00672,0.0157,8.11e-05,3.62e-06,0.00178,0.0,0.0,2.54e-10
0.24,0.04893,0.0909,0.09309,0.00856,0.0157,0.0067,0.0157,8.11e-05,3.6e-06,0.00177,0.0,0.0,2.38e-10
0.24,0.04892,0.091,0.09319,0.00853,0.0156,0.00668,0.0156,8.12e-05,3.58e-06,0.00177,0.0,0.0,2.22e-10
0.24,0.0489,0.0911,0.09329,0.0085,0.0156,0.00666,0.0156,8.13e-05,3.56e-06,0.00176,0.0,0.0,2.07e-10
0.24,0.04888,0.0912,0.09339,0.00848,0.0156,0.00664,0.0156,8.14e-05,3.55e-06,0.00176,0.0,0.0,1.94e-10
0.24,0.04886,0.0913,0.09349,0.00845,0.0155,0.00662,0.0155,8.14e-05,3.53e-06,0.00175,0.0,0.0,1.81e-10
0.24,0.04884,0.0914,0.09359,0.00844,0.0155,0.0066,0.0155,9.35e-05,4.75e-06,0.00175,0.0,0.0,1.69e-10
0.24,0.04882,0.0915,0.09368,0.00841,0.0155,0.00658,0.0155,9.36e-05,4.71e-06,0.00174,0.0,0.0,1.58e-10
0.24,0.0488,0.0916,0.09378,0.00838,0.0154,0.00656,0.0154,9.36e-05,4.67e-06,0.00173,0.0,0.0,1.47e-10
0.24,0.04879,0.0917,0.09388,0.00836,0.0154,0.00654,0.0154,9.37e-05,4.63e-06,0.00173,0.0,0.0,1.38e-10
0.24,0.04877,0.0918,0.09398,0.00833,0.0154,0.00651,0.0154,9.37e-05,4.6e-06,0.00172,0.0,0.0,1.28e-10
0.24,0.04875,0.0919,0.09408,0.00831,0.0154,0.00649,0.0153,9.38e-05,4.56e-06,0.00172,0.0,0.0,1.2e-10
0.24,0.04873,0.092,0.09418,0.00828,0.0153,0.00647,0.0153,9.39e-05,4.53e-06,0.00171,0.0,0.0,1.12e-10
0.24,0.04871,0.0921,0.09428,0.00825,0.0153,0.00645,0.0153,9.39e-05,4.5e-06,0.00171,0.0,0.0,1.04e-10
0.24,0.04869,0.0922,0.09438,0.00823,0.0153,0.00643,0.0153,9.4e-05,4.47e-06,0.0017,0.0,0.0,9.73e-11
0.24,0.04867,0.0923,0.09448,0.0082,0.0152,0.00641,0.0152,9.41e-05,4.44e-06,0.0017,0.0,0.0,9.07e-11
0.24,0.04866,0.0924,0.09458,0.00818,0.0152,0.00639,0.0152,9.41e-05,4.41e-06,0.00169,0.0,0.0,8.46e-11
0.24,0.04864,0.0925,0.09468,0.00815,0.0152,0.00637,0.0152,9.42e-05,4.39e-06,0.00169,0.0,0.0,7.89e-11
0.24,0.04862,0.0926,0.09478,0.00813,0.0151,0.00635,0.0151,9.43e-05,4.36e-06,0.00168,0.0,0.0,7.35e-11
0.24,0.0486,0.0927,0.09487,0.0081,0.0151,0.00633,0.0151,9.44e-05,4.34e-06,0.00168,0.0,0.0,6.86e-11
0.24,0.04858,0.0928,0.09497,0.00807,0.0151,0.00631,0.0151,9.45e-05,4.31e-06,0.00167,0.0,0.0,6.39e-11
0.24,0.04856,0.0929,0.09507,0.00805,0.015,0.00629,0.015,9.46e-05,4.29e-06,0.00167,0.0,0.0,5.95e-11
0.24,0.04854,0.093,0.09517,0.00802,0.015,0.00627,0.015,9.46e-05,4.27e-06,0.00166,0.0,0.0,5.55e-11
0.24,0.04852,0.0931,0.09527,0.008,0.015,0.00625,0.015,9.47e-05,4.25e-06,0.00166,0.0,0.0,5.17e-11
0.24,0.0485,0.0932,0.09537,0.00797,0.0149,0.00623,0.0149,9.48e-05,4.23e-06,0.00165,0.0,0.0,4.81e-11
0.24,0.04849,0.0933,0.09547,0.00795,0.0149,0.00621,0.0149,9.49e-05,4.21e-06,0.00164,0.0,0.0,4.48e-11
0.24,0.04847,0.0934,0.09557,0.00794,0.0149,0.00619,0.0149,0.000108,5.63e-06,0.00164,0.0,0.0,4.18e-11
0.24,0.04845,0.0935,0.09567,0.00791,0.0149,0.00617,0.0148,0.000108,5.58e-06,0.00163,0.0,0.0,3.89e-11
0.24,0.04843,0.0936,0.09577,0.00789,0.0148,0.00615,0.0148,0.000109,5.53e-06,0.00163,0.0,0.0,3.62e-11
0.24,0.04841,0.0937,0.09587,0.00786,0.0148,0.00613,0.0148,0.000109,5.49e-06,0.00162,0.0,0.0,3.37e-11
0.24,0.04839,0.0938,0.09597,0.00784,0.0148,0.00611,0.0148,0.000109,5.45e-06,0.00162,0.0,0.0,3.14e-11
0.24,0.04837,0.0939,0.09606,0.00781,0.0147,0.00609,0.0147,0.000109,5.41e-06,0.00161,0.0,0.0,2.92e-11
0.24,0.04835,0.094,0.09616,0.00779,0.0147,0.00607,0.0147,0.000109,5.37e-06,0.00161,0.0,0.0,2.72e-11
0.24,0.04833,0.0941,0.09626,0.00776,0.0147,0.00605,0.0147,0.000109,5.33e-06,0.0016,0.0,0.0,2.53e-11
0.24,0.04831,0.0942,0.09636,0.00774,0.0146,0.00603,0.0146,0.000109,5.3e-06,0.0016,0.0,0.0,2.35e-11
0.24,0.0483,0.0943,0.09646,0.00771,0.0146,0.00601,0.0146,0.000109,5.26e-06,0.00159,0.0,0.0,2.19e-11
0.24,0.04828,0.0944,0.09656,0.00769,0.0146,0.00599,0.0146,0.000109,5.23e-06,0.00159,0.0,0.0,2.03e-11
0.24,0.04826,0.0945,0.09666,0.00766,0.0145,0.00597,0.0145,0.000109,5.2e-06,0.00158,0.0,0.0,1.89e-11
0.24,0.04824,0.0946,0.09676,0.00764,0.0145,0.00595,0.0145,0.000109,5.17e-06,0.00158,0.0,0.0,1.76e-11
0.24,0.04822,0.0947,0.09686,0.00762,0.0145,0.00593,0.0145,0.00011,5.14e-06,0.00157,0.0,0.0,1.63e-11
0.24,0.0482,0.0948,0.09696,0.00759,0.0145,0.00591,0.0144,0.00011,5.12e-06,0.00157,0.0,0.0,1.52e-11
0.24,0.04818,0.0949,0.09706,0.00757,0.0144,0.00589,0.0144,0.00011,5.09e-06,0.00156,0.0,0.0,1.41e-11
0.24,0.04816,0.095,0.09715,0.00754,0.0144,0.00587,0.0144,0.00011,5.06e-06,0.00156,0.0,0.0,1.31e-11
0.24,0.04814,0.0951,0.09725,0.00752,0.0144,0.00586,0.0144,0.00011,5.04e-06,0.00155,0.0,0.0,1.22e-11
0.24,0.04812,0.0952,0.09735,0.0075,0.0143,0.00584,0.0143,0.00011,5.01e-06,0.00155,0.0,0.0,1.13e-11
0.24,0.0481,0.0953,0.09745,0.00747,0.0143,0.00582,0.0143,0.00011,4.99e-06,0.00154,0.0,0.0,1.05e-11
0.24,0.04808,0.0954,0.09755,0.00746,0.0143,0.0058,0.0143,0.000125,6.63e-06,0.00154,0.0,0.0,9.76e-12
0.24,0.04806,0.0955,0.09765,0.00744,0.0142,0.00578,0.0142,0.000125,6.57e-06,0.00153,0.0,0.0,9.07e-12
0.24,0.04804,0.0956,0.09775,0.00741,0.0142,0.00576,0.0142,0.000125,6.52e-06,0.00153,0.0,0.0,8.42e-12
0.24,0.04803,0.0957,0.09785,0.00739,0.0142,0.00574,0.0142,0.000125,6.46e-06,0.00152,0.0,0.0,7.81e-12
0.24,0.04801,0.0958,0.09795,0.00737,0.0142,0.00572,0.0141,0.000126,6.42e-06,0.00152,0.0,0.0,7.25e-12
0.24,0.04799,0.0959,0.09805,0.00734,0.0141,0.0057,0.0141,0.000126,6.37e-06,0.00151,0.0,0.0,6.73e-12
0.24,0.04797,0.096,0.09815,0.00732,0.0141,0.00568,0.0141,0.000126,6.33e-06,0.00151,0.0,0.0,6.25e-12
0.24,0.04795,0.0961,0.09825,0.0073,0.0141,0.00567,0.0141,0.000126,6.28e-06,0.0015,0.0,0.0,5.8e-12
0.24,0.04793,0.0962,0.09834,0.00727,0.014,0.00565,0.014,0.000126,6.24e-06,0.0015,0.0,0.0,5.38e-12
0.24,0.04791,0.0963,0.09844,0.00725,0.014,0.00563,0.014,0.000126,6.21e-06,0.00149,0.0,0.0,4.99e-12
0.24,0.04789,0.0964,0.09854,0.00723,0.014,0.00561,0.014,0.000126,6.17e-06,0.00149,0.0,0.0,4.62e-12
0.24,0.04787,0.0965,0.09864,0.0072,0.0139,0.00559,0.0139,0.000126,6.13e-06,0.00149,0.0,0.0,4.29e-12
0.24,0.04785,0.0966,0.09874,0.00718,0.0139,0.00557,0.0139,0.000126,6.1e-06,0.00148,0.0,0.0,3.98e-12
0.24,0.04783,0.0967,0.09884,0.00716,0.0139,0.00555,0.0139,0.000127,6.07e-06,0.00148,0.0,0.0,3.69e-12
0.24,0.04781,0.0968,0.09894,0.00713,0.0139,0.00554,0.0139,0.000127,6.03e-06,0.00147,0.0,0.0,3.42e-12
0.24,0.04779,0.0969,0.09904,0.00711,0.0138,0.00552,0.0138,0.000127,6e-06,0.00147,0.0,0.0,3.17e-12
0.24,0.04777,0.097,0.09914,0.00709,0.0138,0.0055,0.0138,0.000127,5.97e-06,0.00146,0.0,0.0,2.93e-12
0.24,0.04775,0.0971,0.09924,0.00707,0.0138,0.00548,0.0138,0.000127,5.95e-06,0.00146,0.0,0.0,2.72e-12
0.24,0.04773,0.0972,0.09934,0.00704,0.0137,0.00546,0.0137,0.000127,5.92e-06,0.00145,0.0,0.0,2.52e-12
0.24,0.04771,0.0973,0.09943,0.00702,0.0137,0.00544,0.0137,0.000127,5.89e-06,0.00145,0.0,0.0,2.33e-12
0.24,0.04769,0.0974,0.09953,0.00701,0.0137,0.00543,0.0137,0.000144,7.76e-06,0.00144,0.0,0.0,2.16e-12
0.24,0.04767,0.0975,0.09963,0.00699,0.0137,0.00541,0.0136,0.000144,7.7e-06,0.00144,0.0,0.0,2e-12
0.24,0.04765,0.0976,0.09973,0.00697,0.0136,0.00539,0.0136,0.000144,7.63e-06,0.00143,0.0,0.0,1.85e-12
0.24,0.04763,0.0977,0.09983,0.00695,0.0136,0.00537,0.0136,0.000144,7.58e-06,0.00143,0.0,0.0,1.71e-12
0.24,0.04761,0.0978,0.09993,0.00692,0.0136,0.00535,0.0136,0.000144,7.52e-06,0.00142,0.0,0.0,1.59e-12
0.24,0.04759,0.0979,0.10003,0.0069,0.0135,0.00534,0.0135,0.000145,7.47e-06,0.00142,0.0,0.0,1.47e-12
0.24,0.04757,0.098,0.10013,0.00688,0.0135,0.00532,0.0135,0.000145,7.42e-06,0.00142,0.0,0.0,1.36e-12
0.24,0.04755,0.0981,0.10023,0.00686,0.0135,0.0053,0.0135,0.000145,7.37e-06,0.00141,0.0,0.0,1.26e-12
0.24,0.04753,0.0982,0.10033,0.00683,0.0135,0.00528,0.0134,0.000145,7.32e-06,0.00141,0.0,0.0,1.16e-12
0.24,0.04751,0.0983,0.10043,0.00681,0.0134,0.00526,0.0134,0.000145,7.28e-06,0.0014,0.0,0.0,1.08e-12
0.24,0.04749,0.0984,0.10053,0.00679,0.0134,0.00525,0.0134,0.000145,7.24e-06,0.0014,0.0,0.0,9.95e-13
0.24,0.04747,0.0985,0.10062,0.00677,0.0134,0.00523,0.0134,0.000145,7.2e-06,0.00139,0.0,0.0,9.2e-13
0.24,0.04745,0.0986,0.10072,0.00675,0.0133,0.00521,0.0133,0.000146,7.16e-06,0.00139,0.0,0.0,8.51e-13
0.24,0.04743,0.0987,0.10082,0.00672,0.0133,0.00519,0.0133,0.000146,7.12e-06,0.00138,0.0,0.0,7.86e-13
0.24,0.04741,0.0988,0.10092,0.0067,0.0133,0.00518,0.0133,0.000146,7.08e-06,0.00138,0.0,0.0,7.27e-13
0.24,0.04739,0.0989,0.10102,0.00668,0.0133,0.00516,0.0133,0.000146,7.05e-06,0.00137,0.0,0.0,6.72e-13
0.24,0.04737,0.099,0.10112,0.00666,0.0132,0.00514,0.0132,0.000146,7.01e-06,0.00137,0.0,0.0,6.21e-13
0.24,0.04735,0.0991,0.10122,0.00664,0.0132,0.00512,0.0132,0.000146,6.98e-06,0.00137,0.0,0.0,5.74e-13
0.24,0.04733,0.0992,0.10132,0.00661,0.0132,0.00511,0.0132,0.000147,6.95e-06,0.00136,0.0,0.0,5.3e-13
0.24,0.04731,0.0993,0.10142,0.00659,0.0131,0.00509,0.0131,0.000147,6.92e-06,0.00136,0.0,0.0,4.89e-13
0.24,0.04729,0.0994,0.10152,0.00659,0.0131,0.00507,0.0131,0.000165,9.04e-06,0.00135,0.0,0.0,4.52e-13
0.24,0.04727,0.0995,0.10162,0.00657,0.0131,0.00506,0.0131,0.000165,8.97e-06,0.00135,0.0,0.0,4.17e-13
0.24,0.04725,0.0996,0.10171,0.00655,0.0131,0.00504,0.0131,0.000165,8.9e-06,0.00134,0.0,0.0,3.85e-13
0.24,0.04723,0.0997,0.10181,0.00653,0.013,0.00502,0.013,0.000165,8.84e-06,0.00134,0.0,0.0,3.56e-13
0.24,0.04721,0.0998,0.10191,0.0065,0.013,0.005,0.013,0.000166,8.77e-06,0.00134,0.0,0.0,3.28e-13
0.24,0.04719,0.0999,0.10201,0.00648,0.013,0.00499,0.013,0.000166,8.71e-06,0.00133,0.0,0.0,3.03e-13
